Sketchfab_URL,SketchfabImg_URL
https://sketchfab.com/3d-models/tyrannosaurus-rex-31-f1bd8fcd553241a695712edab73ad81f,https://media.sketchfab.com/models/f1bd8fcd553241a695712edab73ad81f/thumbnails/02e87528f1f841afa76e73cf1ddaa213/3d07182cd31645a88658e1f49d51d457.jpeg
https://sketchfab.com/3d-models/dinosaur-fossil-footprint-d2e820fd534f4796b7c45c08970563e6,https://media.sketchfab.com/models/d2e820fd534f4796b7c45c08970563e6/thumbnails/1725626b95eb486eb4d16e6fdd087ddc/2021d63230fe4b75ac640a1cc3cdba77.jpeg
https://sketchfab.com/3d-models/dinosaur-fossil-statue-f6941f935b2a40c9a5b3b05ca0093d3e,https://media.sketchfab.com/models/f6941f935b2a40c9a5b3b05ca0093d3e/thumbnails/55642b6827554ea08c9e4dcd4d094396/812e242d23ec4554b106799791d5f6b1.jpeg
https://sketchfab.com/3d-models/iguanodon-skull-3537a5b3072b42cbbb7ea51286c75dc4,https://media.sketchfab.com/models/3537a5b3072b42cbbb7ea51286c75dc4/thumbnails/4733dd95112d4b5494ca522022ab131e/0276368a7ccf41c2a8449ddaade382a1.jpeg
https://sketchfab.com/3d-models/dinosaur-fossil-7a5c162838dd4cb28d9b7c0588a4b140,https://media.sketchfab.com/models/7a5c162838dd4cb28d9b7c0588a4b140/thumbnails/eb71c620654243dcafb4fdaf12ceac82/93f7811731754f81bc37748012c37ddc.jpeg
https://sketchfab.com/3d-models/juvenile-triceratops-fossil-51b6e27147b043ef9fb266a7cda57e35,https://media.sketchfab.com/models/51b6e27147b043ef9fb266a7cda57e35/thumbnails/d025220d92f24e8590ff258af9cc4664/2e6ee4cf018e4841b9395c652cd1c9a1.jpeg
https://sketchfab.com/3d-models/dinosaur-fossile-eee9e9fa837a4c828a4eaea9b7ff249c,https://media.sketchfab.com/models/eee9e9fa837a4c828a4eaea9b7ff249c/thumbnails/3996b86b4c2a41ebadf3b6d9115648ac/9a307a137ca3441abf51223e77966358.jpeg
https://sketchfab.com/3d-models/animated-triceratops-skeleton-06cb55f941d94dc8b95ac46f92d89e7c,https://media.sketchfab.com/models/06cb55f941d94dc8b95ac46f92d89e7c/thumbnails/addca698240146bf94d7374eb9b49984/95a61a46877a4dbcb63fd3fde69fe2f6.jpeg
https://sketchfab.com/3d-models/coelophysis-c8fee7a21dbc465d8fae98a0df4d190e,https://media.sketchfab.com/models/c8fee7a21dbc465d8fae98a0df4d190e/thumbnails/3cbdb91df0154eae8657b3a666e81ffe/640x360.jpeg
https://sketchfab.com/3d-models/reptilian-shark-fossil-be0a02fccec54c10aeec203db4bd3433,https://media.sketchfab.com/models/be0a02fccec54c10aeec203db4bd3433/thumbnails/555e349f49e9431da55448138cfcfa4c/681f4185c3f845a683a4302eb9dff057.jpeg
https://sketchfab.com/3d-models/spiclypeus-fossil-fcf4e769772743518a160b8274a9bfc8,https://media.sketchfab.com/models/fcf4e769772743518a160b8274a9bfc8/thumbnails/e81cfebc8ee84b8d8771503e706ad62c/dceea16fb3ef4072a546841197d36e2b.jpeg
https://sketchfab.com/3d-models/lowpoly-fossils-1-3d1161a5db4244e486de6de0c66f759c,https://media.sketchfab.com/models/3d1161a5db4244e486de6de0c66f759c/thumbnails/dcbbee68354c4900a5fbda8d8b5d4ce0/e365b6644524442e9eaaa1c75cffdf69.jpeg
https://sketchfab.com/3d-models/lariosarus-balsami-fossil-c1b0e6e5f0b0427480a78f2ca7b5c453,https://media.sketchfab.com/models/c1b0e6e5f0b0427480a78f2ca7b5c453/thumbnails/1496279f564c46f699605814ea1a3a7f/c82f11d154b84fe4abc92a1cf1946369.jpeg
https://sketchfab.com/3d-models/lowpoly-fossils-2-non-commercial-67422af7969f478fb99684fe027317fc,https://media.sketchfab.com/models/67422af7969f478fb99684fe027317fc/thumbnails/6e1fffc77f7443a0a1d888e9b06450c3/af159a444cbb4a16aed7e51b5616659a.jpeg
https://sketchfab.com/3d-models/tyrannosaurus-rex-brain-endocast-amnh-5117-f4303dc6b9df423b809be241f2b73e04,https://media.sketchfab.com/models/f4303dc6b9df423b809be241f2b73e04/thumbnails/b128ed62f3dd483c924fb35ca3386e36/9c740e41f75f4a4dadb806578901f75f.jpeg
https://sketchfab.com/3d-models/rainbow-morph-animation-18c96b42cf7d433ca72df475cd6ec4d8,https://media.sketchfab.com/models/18c96b42cf7d433ca72df475cd6ec4d8/thumbnails/7f1279cff0e947f0b465ff8fb08f5dd7/09df2ed1fc9f4ac28e525a900df31cc7.jpeg
https://sketchfab.com/3d-models/vertebrate-coelophysis-dinosaur-model-e20f6c50d8e34b14bcfdfcd43be7cfdc,https://media.sketchfab.com/models/e20f6c50d8e34b14bcfdfcd43be7cfdc/thumbnails/e435da1d5cfc49749bf61eb5d58a39ae/50d030de50c7469e9fc8e8d392d54f72.jpeg
https://sketchfab.com/3d-models/the-red-ravine-rapa-rosie-romania-6b3083525dd34344ad15db53adc7fed0,https://media.sketchfab.com/models/6b3083525dd34344ad15db53adc7fed0/thumbnails/b44a7db75dfb4bd6bd36ecb759f6dafc/b2d772307abe40e99f980a0252eb4ec8.jpeg
https://sketchfab.com/3d-models/dinosaur-skull-7c01ac826fe84394bfe4da601bf9a506,https://media.sketchfab.com/models/7c01ac826fe84394bfe4da601bf9a506/thumbnails/2ecb9dbc92b4411c9bd3e9bdbc6985f4/1e21feadda5b4ffa92b1d3370c93cbbe.jpeg
https://sketchfab.com/3d-models/mosquito-in-amber-53a61d58c09b4d2ab30e269aa3e22078,https://media.sketchfab.com/models/53a61d58c09b4d2ab30e269aa3e22078/thumbnails/18a81579d13243e1bcc9d9d76bfea0fa/892dc6c4660c4010b83e641b8b9b1ba0.jpeg
https://sketchfab.com/3d-models/dinosaur-footprint-0d1a34d4b027443f805aae6b83e75c5b,https://media.sketchfab.com/models/0d1a34d4b027443f805aae6b83e75c5b/thumbnails/2511f1f9961b4ad38b3de8a236294a5e/640x360.jpeg
https://sketchfab.com/3d-models/dinosaur-skull-untextured-30be129238814c6cb8db39c82d3cee07,https://media.sketchfab.com/models/30be129238814c6cb8db39c82d3cee07/thumbnails/4ec93c8389a447d099debe605e0ae52a/b11f77a7b96f410f9347fde8f72ed94e.jpeg
https://sketchfab.com/3d-models/triceratops-909bf645de1746829ab19acd1ae31767,https://media.sketchfab.com/models/909bf645de1746829ab19acd1ae31767/thumbnails/6f4ed751e7b54d2794a6e2f3b6f3131a/fdf07ce10beb4229a0033d1d0ec55158.jpeg
https://sketchfab.com/3d-models/fossil-dinosaur-bone-3f6713593072415db845adfab1618968,https://media.sketchfab.com/models/3f6713593072415db845adfab1618968/thumbnails/3ed000ed46244c56b5839866a08c2d10/c657379b21c24e87b3aa3bd250925304.jpeg
https://sketchfab.com/3d-models/tyrannosaurus-fossil-54b0956c5a6342cebc37852d801890e2,https://media.sketchfab.com/models/54b0956c5a6342cebc37852d801890e2/thumbnails/b69a56ec4e01410dab4f50d9cf0e724d/6b0ee4de85364871aa3e588eb2ca579d.jpeg
https://sketchfab.com/3d-models/zuniceratops-fossil-62fd20bbf23c4b848192bb942f991c03,https://media.sketchfab.com/models/62fd20bbf23c4b848192bb942f991c03/thumbnails/709af49589a64ed6a8884c4a5f62876b/272984235f68426fb88d6e6d86d4a98e.jpeg
https://sketchfab.com/3d-models/mosasaur-fossil-0e33035bf91748f39d8a261a31cc22da,https://media.sketchfab.com/models/0e33035bf91748f39d8a261a31cc22da/thumbnails/d7cb10867c2b471da4d5a53df6b345e5/bbf0a846d6384ede8fe639121f93d698.jpeg
https://sketchfab.com/3d-models/ancient-rhino-fossil-625d1672538240e994fb4dcc80a493db,https://media.sketchfab.com/models/625d1672538240e994fb4dcc80a493db/thumbnails/03987bb1ce5345b7913c73c50f65a2c1/09b23afd70c643f99e5d26a1682037d8.jpeg
https://sketchfab.com/3d-models/trilobite-fossil-photogrammetry-scan-477033de933143009660bb72e6f3c6fd,https://media.sketchfab.com/models/477033de933143009660bb72e6f3c6fd/thumbnails/662d7d612063463c986db4965649dd0e/190a4ae7777c42dab62afd20642b513c.jpeg
https://sketchfab.com/3d-models/dinosaur-bones-1c8a498dc5aa4240b8955e1d469dcf8d,https://media.sketchfab.com/models/1c8a498dc5aa4240b8955e1d469dcf8d/thumbnails/c03e1220916f487aac3b662cfe4210e6/81460259760743c98ab2c57c6ce60869.jpeg
https://sketchfab.com/3d-models/velociraptor-fossil-bde607338c1d4b1fa5b85db36cfbd87e,https://media.sketchfab.com/models/bde607338c1d4b1fa5b85db36cfbd87e/thumbnails/726e4d595e234d8eb4f2ed68f764a422/e533fbfafdff4142ae97220e8934a5c8.jpeg
https://sketchfab.com/3d-models/xiphactinus-audax-fossil-skull-9f26fe5bc6be4ee790283c9d22df7cb3,https://media.sketchfab.com/models/9f26fe5bc6be4ee790283c9d22df7cb3/thumbnails/6ce7e51cab8244d99c8385e86e3e2b61/720x405.jpeg
https://sketchfab.com/3d-models/dinosaur-fossil-edmontosaurus-femur-0465a4f71f144736a369909c638d7351,https://media.sketchfab.com/models/0465a4f71f144736a369909c638d7351/thumbnails/1ee0baff8dd2461c9c3053923bcdfc93/720x405.jpeg
https://sketchfab.com/3d-models/erlikosaurus-skull-and-jaw-dd9df0256dc642a1a2a56775805a36bf,https://media.sketchfab.com/models/dd9df0256dc642a1a2a56775805a36bf/thumbnails/7539fca6f2a94009bbb69e0d1e2e16bb/720x405.jpeg
https://sketchfab.com/3d-models/dinosaur-compy-lowpoly-art-92099fe9e6dd4c378068ae3a616b4ed1,https://media.sketchfab.com/models/92099fe9e6dd4c378068ae3a616b4ed1/thumbnails/94ffb5c7292045efbfade55c9c71fbfe/038bb353ae6b433db533e88afd488df1.jpeg
https://sketchfab.com/3d-models/hoplophoneus-skull-miniature-sabertooth-cat-72e99ed620104dc180cc376b8dad0e84,https://media.sketchfab.com/models/72e99ed620104dc180cc376b8dad0e84/thumbnails/02b053c92a254b179c1315d7dd7b54c4/be771b92d6a74c6aa683d239d281a63e.jpeg
https://sketchfab.com/3d-models/edmontosaurus-fossil-skull-92715619fb2b44849af36da71457ec15,https://media.sketchfab.com/models/92715619fb2b44849af36da71457ec15/thumbnails/5580957e6fc74bd3bb57917a29ac2915/01047030bb1b48c583a0f127b7146769.jpeg
https://sketchfab.com/3d-models/3drt-dinosaurs-compsognathus-bb1b5ba717b8446db16700f4b0663402,https://media.sketchfab.com/models/bb1b5ba717b8446db16700f4b0663402/thumbnails/d1fe05fb58944ef0976441102aaeed7e/b41ab8d9f440402aa2f46a69b8561984.jpeg
https://sketchfab.com/3d-models/euoplocephalus-armored-dinosaur-airwaybrain-d88f5930107a4c84a9b2b714a2dfa20a,https://media.sketchfab.com/models/d88f5930107a4c84a9b2b714a2dfa20a/thumbnails/77e273a6c9264a7fa1b045d5d3ce19c9/720x405.jpeg
https://sketchfab.com/3d-models/dinosaur-amber-t-rex-sculpture-0fab02fe9a124c27879689e7c46f5557,https://media.sketchfab.com/models/0fab02fe9a124c27879689e7c46f5557/thumbnails/30513f5ca4e948d4af1f19e3ae890bdb/6f0cf9e5586949798e1024b1b709d3b3.jpeg
https://sketchfab.com/3d-models/triceratops-baby-dinosaur-reptile-1497a9bb99a84ed9be4de89457607217,https://media.sketchfab.com/models/1497a9bb99a84ed9be4de89457607217/thumbnails/ef2c0041a8e44c4d96a374486cd96eb5/d8c390ccf75c4f409e311e0687ca97fe.jpeg
https://sketchfab.com/3d-models/gorgosaurus-dinosaur-thenat-museum-san-diego-b054ae39bb0d4c59b9e5487f2cc774c5,https://media.sketchfab.com/models/b054ae39bb0d4c59b9e5487f2cc774c5/thumbnails/1c2e6e18d7624f6dae117c7ad0d261ff/7628ff53706c4d5580009d7f724e1ee7.jpeg
https://sketchfab.com/3d-models/stegosaurus-727c45b88c6c4f5d9db0bb95e857aaa0,https://media.sketchfab.com/models/727c45b88c6c4f5d9db0bb95e857aaa0/thumbnails/539c73b2ad2a4d9cb2b904b15389b08e/a29b59fd3439429f9d2d7ff73057a2b9.jpeg
https://sketchfab.com/3d-models/3drt-dinosaurs-quetzalcoatlus-db42da13be35450aa16c946e9b6566a5,https://media.sketchfab.com/models/db42da13be35450aa16c946e9b6566a5/thumbnails/e5e866379a74483c8efc21b113fbf601/ed4a5749dc354eb785ba0da8b3afb229.jpeg
https://sketchfab.com/3d-models/3drt-dinosaurs-velociraptor-17d85ea5885f4c5ea4758a29b9df862b,https://media.sketchfab.com/models/17d85ea5885f4c5ea4758a29b9df862b/thumbnails/9ba484bd2be94bf3baf1517b2ce14356/956e65e902344433bc04290942c101cc.jpeg
https://sketchfab.com/3d-models/trace-fossil-grallator-footprint-pri-49745-4da158eecea94d7cbce9f60ad6f7bbde,https://media.sketchfab.com/models/4da158eecea94d7cbce9f60ad6f7bbde/thumbnails/dd5bed7396bb448896bd1e0a67371491/7a633ccbccb449a98b9a93523f58c786.jpeg
https://sketchfab.com/3d-models/eigg-dinosaur-bone-6e670b8f91e947d6860f14016540c7bb,https://media.sketchfab.com/models/6e670b8f91e947d6860f14016540c7bb/thumbnails/6d8aa69605b84fc9ba0521123c6960c9/84b8e363c94c44ff9121aa1ba5ef0f14.jpeg
https://sketchfab.com/3d-models/fossil-foot-05b3e58153e8411a847b68f7c831d6cd,https://media.sketchfab.com/models/05b3e58153e8411a847b68f7c831d6cd/thumbnails/b1d2b0db21be4257aa232ee7b53f0ca3/3b15e6c64b8e4b43b2cd5ab015cd73d6.jpeg
https://sketchfab.com/3d-models/dinosaur-nest-with-egg-and-caprolites-52b65b77a1904b0da8b47788f7ed3529,https://media.sketchfab.com/models/52b65b77a1904b0da8b47788f7ed3529/thumbnails/520bba31c9284ff0b28124e8382b9e3f/d7676b773053493a87ff98395389abd4.jpeg
https://sketchfab.com/3d-models/tyrannosaurus-rex-amnh-quick-scan-135a235bd3d743fbad55ab0919df23db,https://media.sketchfab.com/models/135a235bd3d743fbad55ab0919df23db/thumbnails/ff7df51685814e07b1f127e2a7dafb8d/f2e043301540465887a1f1d940fd6763.jpeg
https://sketchfab.com/3d-models/tyrannosaurus-rex-amnh-point-cloud-cdfbf34cce1d4071bb1b7271f367d057,https://media.sketchfab.com/models/cdfbf34cce1d4071bb1b7271f367d057/thumbnails/0191c29931ac4f0a83da2294149bfba3/a2c8265830c04f63b05d9e2b48702c94.jpeg
https://sketchfab.com/3d-models/fossil-bones-pteranodon-84677c4e08004c05b057511ef81846f4,https://media.sketchfab.com/models/84677c4e08004c05b057511ef81846f4/thumbnails/40875b106d114a4aa83bd92f959e1fa3/720x405.jpeg
https://sketchfab.com/3d-models/sea-turtle-fossil-scan-0d4cf4fdacab4e51986c68ee66f32a37,https://media.sketchfab.com/models/0d4cf4fdacab4e51986c68ee66f32a37/thumbnails/8e30ec2eaeb748ec9243ef7532a45163/a812ce165a824277a91c50f2bb09b4bd.jpeg
https://sketchfab.com/3d-models/herrerasaurus-6f1d954378ee4625a628b3ade5163a4a,https://media.sketchfab.com/models/6f1d954378ee4625a628b3ade5163a4a/thumbnails/1e6cd552d7e448bb81298aa4906a6095/7e69ab64103b4bd8b76e0e0cc1fd613d.jpeg
https://sketchfab.com/3d-models/asterotrygon-fossil-1cb2705b6a2c4be8ab9446705bb5684c,https://media.sketchfab.com/models/1cb2705b6a2c4be8ab9446705bb5684c/thumbnails/f707e9ac4f84454e9a9aaef86898fd2a/720x405.jpeg
https://sketchfab.com/3d-models/dimetrodon-dinosuar-photogrammetry-c2f65e4e3fad4e199532ef79e6baea8d,https://media.sketchfab.com/models/c2f65e4e3fad4e199532ef79e6baea8d/thumbnails/dd2cc1ee9dad4105a25ba5e7a624eab3/9c85c2dbbabc4cff99518ce151daad21.jpeg
https://sketchfab.com/3d-models/3drt-dinosaurs-stegosaurus-24176c1b3b104a3499c051f61a5e0a2b,https://media.sketchfab.com/models/24176c1b3b104a3499c051f61a5e0a2b/thumbnails/0fcaa919576c403b9745dc6f63b0565c/a4eb069f58394451a9b6a475fb33d21a.jpeg
https://sketchfab.com/3d-models/dinosaur-skin-impression-1d95213d5ed94f8dbab77e2a61252074,https://media.sketchfab.com/models/1d95213d5ed94f8dbab77e2a61252074/thumbnails/124864b848e241af9d6ed624dc0cf86c/3d032b01143d407d8d512e188afaeba5.jpeg
https://sketchfab.com/3d-models/dinosaur-footprint-grallator-sp-pri-40798-15b094475f43489fa8092d2a696c3044,https://media.sketchfab.com/models/15b094475f43489fa8092d2a696c3044/thumbnails/b662e14c8e9e40d1bf850ec40bc2bbb4/a5379ea2055a4a2bac5f543626addb74.jpeg
https://sketchfab.com/3d-models/ammonite-fossil-159eb07030a8446eb533d79116322349,https://media.sketchfab.com/models/159eb07030a8446eb533d79116322349/thumbnails/d8de37f3536f4109a0099a8b8a5631f5/720x405.jpeg
https://sketchfab.com/3d-models/dinosaurs-claw-4e3697b761294ccc8171f3e26bb07fcd,https://media.sketchfab.com/models/4e3697b761294ccc8171f3e26bb07fcd/thumbnails/0434b3eea49a42c68dfb6539fe49c248/c60dfe740fa64594b4497cdffb1e2df1.jpeg
https://sketchfab.com/3d-models/unidentified-fossil-skull-dced56b102004f3aaa2d54f4018a0567,https://media.sketchfab.com/models/dced56b102004f3aaa2d54f4018a0567/thumbnails/11c5a114c81f4a54affe8d540e9ac47b/720x405.jpeg
https://sketchfab.com/3d-models/3drt-dinosaurs-triceratops-47930886c728400a925682149653f80b,https://media.sketchfab.com/models/47930886c728400a925682149653f80b/thumbnails/1ba1c7ffaf8e4c0c94703329f7e73df5/9c28df1db3c147c3ac6fbf71acf6f962.jpeg
https://sketchfab.com/3d-models/3drt-dinosaurs-spinosaurus-01d550366ce6481d8d66bd8f9a44e20d,https://media.sketchfab.com/models/01d550366ce6481d8d66bd8f9a44e20d/thumbnails/ba3eeacd91134e3abce91f674811399d/1846edf286cf4c04b96559e2cd1f2e98.jpeg
https://sketchfab.com/3d-models/3drt-dinosaurs-parasaurolophus-6c3a26aad2694ba4b2d189c9a5617f5f,https://media.sketchfab.com/models/6c3a26aad2694ba4b2d189c9a5617f5f/thumbnails/f487fd88b54548b2a93d2ff3d9fd4c68/b20f91665c38430d918490b5216b3857.jpeg
https://sketchfab.com/3d-models/dinictis-mandible-402df695e91c4bd09c6bfd7eb3ce5b8e,https://media.sketchfab.com/models/402df695e91c4bd09c6bfd7eb3ce5b8e/thumbnails/2003764adf784672846a3ca1103222a8/267ed66a7b964996955b9d5e6320831b.jpeg
https://sketchfab.com/3d-models/mamen-river-dragon-6e6611b4a204479aac83dfd96183e779,https://media.sketchfab.com/models/6e6611b4a204479aac83dfd96183e779/thumbnails/15b39f774eb540e9b2da09706972f345/808a3bc950244bd48071c3d493c481be.jpeg
https://sketchfab.com/3d-models/dinosaur-footprint-mount-morgan-a1-f81831f616ae47eab3a8a179efa0c4c9,https://media.sketchfab.com/models/f81831f616ae47eab3a8a179efa0c4c9/thumbnails/468354b613f543d38812a84628f03ba4/a032199436e84111850f18ca386827a5.jpeg
https://sketchfab.com/3d-models/3drt-dinosaurs-tyrannosaurus-aa18b6bbd51347e3864e8f938607c14f,https://media.sketchfab.com/models/aa18b6bbd51347e3864e8f938607c14f/thumbnails/7ad75c4834b743d891a8a374435958d6/27ff71897ca641a0a5fbc3f008b49db8.jpeg
https://sketchfab.com/3d-models/pell-de-dinosaure-ci-dinosaures-fumanya-30367983c09f4a019e99a86196442708,https://media.sketchfab.com/models/30367983c09f4a019e99a86196442708/thumbnails/d5d9d20986824eeb9f60c50039003d70/ab15d23970fa4a53a59dcc5ef8a4bdda.jpeg
https://sketchfab.com/3d-models/dinosaur-claw-lopoly-9e7615ebb38c4def96e1d0286e37464b,https://media.sketchfab.com/models/9e7615ebb38c4def96e1d0286e37464b/thumbnails/9469464ad8654732b0a262815f7d4bd9/92b4d6e5d4394c85b9906b892b6b5a72.jpeg
https://sketchfab.com/3d-models/dinictis-cranium-d8728a44657c4906a6ec02948d64751f,https://media.sketchfab.com/models/d8728a44657c4906a6ec02948d64751f/thumbnails/16b88a640ddc445689f5a7805c1dbc75/28f2b9edc8d748d99a4df6edf5a35684.jpeg
https://sketchfab.com/3d-models/cretaceous-fossil-fish-birug-10210-71d33e99f8104eb5bc3019f6fadf76e1,https://media.sketchfab.com/models/71d33e99f8104eb5bc3019f6fadf76e1/thumbnails/a77085827b5649dd8a9bd90c1075fc95/8dffdf39bfab49199682f09ec0e187a4.jpeg
https://sketchfab.com/3d-models/tyrannosaurus-rex-30-652f56411cd346c080cfcdfa2b629136,https://media.sketchfab.com/models/652f56411cd346c080cfcdfa2b629136/thumbnails/8f053ef571844ab3892b05506b34a54f/9264f94c045b408f9c2539ee1a90e4d5.jpeg
https://sketchfab.com/3d-models/fossil-ammonite-a223af35a86d4afbbefe01dde41f6e06,https://media.sketchfab.com/models/a223af35a86d4afbbefe01dde41f6e06/thumbnails/ed83364063c94efc8f60a5a14b5ff30a/17317f2b90894c5487ca34659a220468.jpeg
https://sketchfab.com/3d-models/dinosaur-footprint-67bde18b4e884d2c9f2e947233465c1e,https://media.sketchfab.com/models/67bde18b4e884d2c9f2e947233465c1e/thumbnails/4689859c081e4eb48a4a8f72b432bdd8/28c134d4060f4c478bdcea8d473a375b.jpeg
https://sketchfab.com/3d-models/scelidosaurus-sp-84889b8b253248d9a35dea42f8bb22bc,https://media.sketchfab.com/models/84889b8b253248d9a35dea42f8bb22bc/thumbnails/b94f05b4b5734124a6ba849560d4599f/5035354584bd46d48fb16793ba2ba330.jpeg
https://sketchfab.com/3d-models/sabretooth-skull-d48372789c82434881d05fd489ca2c14,https://media.sketchfab.com/models/d48372789c82434881d05fd489ca2c14/thumbnails/85ffee595caa4ef29f63c67e7541dc93/b9aa179c707c43598d3e22049df4ecde.jpeg
https://sketchfab.com/3d-models/cyrtometopus-clavifrons-fossil-trilobyte-a30c1f17785f40e1a2b4d92c42ca99c0,https://media.sketchfab.com/models/a30c1f17785f40e1a2b4d92c42ca99c0/thumbnails/0ba37be4ac2141eb9c2320d9e35799ae/f722542afd644abab1f9fa47414e2227.jpeg
https://sketchfab.com/3d-models/tyrannosaurus-rexskull-and-jaw-8ead7e1ec1c5401ba8cbc06727d6e7e8,https://media.sketchfab.com/models/8ead7e1ec1c5401ba8cbc06727d6e7e8/thumbnails/94477bb83a4f438a9ee8fd56d656c807/720x405.jpeg
https://sketchfab.com/3d-models/tyrannosaurus-rex-stan-skeleton-cce153b1ac164550b3acbc96495cce64,https://media.sketchfab.com/models/cce153b1ac164550b3acbc96495cce64/thumbnails/5790c2023e8748acb55290f903bd4746/9614f18560144276a408a3ccbce8e335.jpeg
https://sketchfab.com/3d-models/dinosaur-fossil-notom-road-04d4c1d414f7437280d82d47c49f357b,https://media.sketchfab.com/models/04d4c1d414f7437280d82d47c49f357b/thumbnails/94424174feb6417ba177bb099ac2565a/d0d5a8e6cf5b4cc49dc03da9ba5186a1.jpeg
https://sketchfab.com/3d-models/canyonlands-dinosaur-fossil-chinle-53634b392fce4450a34b50dafb4772e7,https://media.sketchfab.com/models/53634b392fce4450a34b50dafb4772e7/thumbnails/cff6b96551a44c9780408463ec115f86/cf865753a06a4dd9ba18e2f261589613.jpeg
https://sketchfab.com/3d-models/trilobite-hamatolenus-myopsolenus-sp-794ed076d61e4743b7a9a085696bf5b7,https://media.sketchfab.com/models/794ed076d61e4743b7a9a085696bf5b7/thumbnails/fd422b8545a34a6a921d33b6c390fcec/5d21dbf213ee457383cd2caec60033d0.jpeg
https://sketchfab.com/3d-models/daemonosaurus-chauliodus-cm-76821-skull-9c33051987624226b3c3535233eb202a,https://media.sketchfab.com/models/9c33051987624226b3c3535233eb202a/thumbnails/92bf34075ffd448ba8e161f93ba6a625/1b49f0d7b7214315a87bd5d42363852d.jpeg
https://sketchfab.com/3d-models/diplodocus-skeletons-db229ffeb192418081db2c33ca97295c,https://media.sketchfab.com/models/db229ffeb192418081db2c33ca97295c/thumbnails/f65d84f71fa845188c15e8bfc2bedd29/d213ba7e1af34df5addaa0882fc30e6b.jpeg
https://sketchfab.com/3d-models/titanosaurus-cc65ea57a17e48b790bcd8bda9d0524a,https://media.sketchfab.com/models/cc65ea57a17e48b790bcd8bda9d0524a/thumbnails/c6021b93bf6c4dbb9bc3362fa365a9c6/68947df7c2364f1bbdfb8d9390771b5b.jpeg
https://sketchfab.com/3d-models/triceratops-horridus-marsh-e9c507f179ed4455aac3b208c9e6c973,https://media.sketchfab.com/models/e9c507f179ed4455aac3b208c9e6c973/thumbnails/31fe22710a1a40ca84c806833d8cf3ef/b75b80421b59411f932ac97c4cd550f3.jpeg
https://sketchfab.com/3d-models/puzzle-4d-dinosaur-tooth-tyrannosaurus-rex-7646e01a3dfb46ad9caa314dfad90e4c,https://media.sketchfab.com/models/7646e01a3dfb46ad9caa314dfad90e4c/thumbnails/15bfb887a69d42559ffcc188f86258ed/d6bcdf5c3d2a4d83abb04f963d2a5646.jpeg
https://sketchfab.com/3d-models/vertebrate-tyrannosaurus-rex-skull-mote-cf48487de55d454b8adc92dce2840a0d,https://media.sketchfab.com/models/cf48487de55d454b8adc92dce2840a0d/thumbnails/87915ad0433c40ad99c28b92e128ed67/47106ed350b948609b9b6c34fd51f178.jpeg
https://sketchfab.com/3d-models/theropod-dinosaur-rib-bone-bf81b616f3d0476f99099521858e79e2,https://media.sketchfab.com/models/bf81b616f3d0476f99099521858e79e2/thumbnails/a229cbb5e9614a4cb2a43df528818cac/7a19680cc5bc40dd9a2c25328f447c0b.jpeg
https://sketchfab.com/3d-models/simple-stegosaurus-skeleton-795e5ee9eb8845259ac6a04a63c7e23f,https://media.sketchfab.com/models/795e5ee9eb8845259ac6a04a63c7e23f/thumbnails/4e5821a457ed4fefa78b35ce8b47fc3f/70ae6c9934cf4e7f828292036e680205.jpeg
https://sketchfab.com/3d-models/triassic-dinosaur-tracks-e3ddc035f8d849a3b6875da27a2bced4,https://media.sketchfab.com/models/e3ddc035f8d849a3b6875da27a2bced4/thumbnails/c1407a12c27540389ec487a9abfcc103/9206939bd6d840cf8f50aabbaa5bcffe.jpeg
https://sketchfab.com/3d-models/triceratops-horridus-skull-3b8e2aff55f0455bb094a634eb209e46,https://media.sketchfab.com/models/3b8e2aff55f0455bb094a634eb209e46/thumbnails/cb413a28b878459490fdf15d6e7cda4d/f6f469f6ff7440d2999eb130e31bdfbe.jpeg
https://sketchfab.com/3d-models/museum-of-natural-history-fossils-d96f69305db641d5bb33dd3b903f8e31,https://media.sketchfab.com/models/d96f69305db641d5bb33dd3b903f8e31/thumbnails/a15d11f89baf4cb990ba885317c56b95/eea8e42f757343a5b3658374ecade057.jpeg
https://sketchfab.com/3d-models/fasolasuchus-f4509632e4cb46e7a35501abcfad0308,https://media.sketchfab.com/models/f4509632e4cb46e7a35501abcfad0308/thumbnails/5c5119295d644f7fbf10d8ad8558fb4f/640x360.jpeg
https://sketchfab.com/3d-models/bone-2-c173ed821f7c437aa8e9757e9553c6a8,https://media.sketchfab.com/models/c173ed821f7c437aa8e9757e9553c6a8/thumbnails/e0d6a5c9b4824c7b82bf234ccf370e29/32be4ec3fcfc4d1cbfd6f49cf99a964b.jpeg
https://sketchfab.com/3d-models/ornithocheirus-02d6ca0e98db474fa307b877ad2db90b,https://media.sketchfab.com/models/02d6ca0e98db474fa307b877ad2db90b/thumbnails/3baf94abfb42468a923bf68f9f46f992/22880b67edd64983abf253cd52beeab6.jpeg
https://sketchfab.com/3d-models/allosaurus-finger-claw-06c67de89bf043d8a995bee4462b8dcc,https://media.sketchfab.com/models/06c67de89bf043d8a995bee4462b8dcc/thumbnails/3ccb14b89cad49a89b886a1636fe3ed1/0132d64f750e4e7ea559c318f23c2579.jpeg
https://sketchfab.com/3d-models/sarcosaurus-woodii-pelvis-part-1-64f36606bab041b79024ccce445e0dac,https://media.sketchfab.com/models/64f36606bab041b79024ccce445e0dac/thumbnails/a73c34b11c734be2be08164b01c3ad0b/5810fdb2896249b6b3d606ed10ed2bbe.jpeg
https://sketchfab.com/3d-models/ammonite-swim-cycle-13150658692d49bcbee79396609d0d01,https://media.sketchfab.com/models/13150658692d49bcbee79396609d0d01/thumbnails/d845a076b7ff4c9c9b4f04014ca89e51/a56fa51e23e34df895c8e75ad3b7371b.jpeg
https://sketchfab.com/3d-models/hypsilophodon-foxii-cab9cdd576d74cca99b0bd6d7b8f8e4a,https://media.sketchfab.com/models/cab9cdd576d74cca99b0bd6d7b8f8e4a/thumbnails/7511060585d146e48de678980c723ea5/9f81b3b774884a74b9755e3eefef6399.jpeg
https://sketchfab.com/3d-models/ammonite-fossil-douvilleiceras-90a08c0c11e64f95b82b90e69f7950d5,https://media.sketchfab.com/models/90a08c0c11e64f95b82b90e69f7950d5/thumbnails/1dbcd844f9714ad8bc1118ed9c0ae107/720x405.jpeg
https://sketchfab.com/3d-models/coelophysis-bauri-348286c716944a73b9f74d07ce5b6ed8,https://media.sketchfab.com/models/348286c716944a73b9f74d07ce5b6ed8/thumbnails/1a44d0ecb68f4db895154d998e1a2266/ada90699de994b6dba8d73068feb8cd7.jpeg
https://sketchfab.com/3d-models/deinonychus-velociraptor-claw-ba0ed7ec94e84af385cca0cb425fe5f1,https://media.sketchfab.com/models/ba0ed7ec94e84af385cca0cb425fe5f1/thumbnails/e324f4763dae4267a384c26501584df0/640x360.jpeg
https://sketchfab.com/3d-models/eubrontes-theropod-dinosaur-ichnite-e72785eb2dfa4ce998b83ac339ae6cc5,https://media.sketchfab.com/models/e72785eb2dfa4ce998b83ac339ae6cc5/thumbnails/a20a5f1ec1454e60a5242d46fe9e2b93/a864772c75d440f2a2791a93961b2513.jpeg
https://sketchfab.com/3d-models/enantiornithes-femur-combcsont-71e6ea5aafae4132bbef401b69b60840,https://media.sketchfab.com/models/71e6ea5aafae4132bbef401b69b60840/thumbnails/1bcc3009450d4573851f618fd89ad33a/072ec1853d5f4c469fd6e1db4854425c.jpeg
https://sketchfab.com/3d-models/the-jurassic-talon-knife-9d71549827ef456ba14946f4b0e0b38e,https://media.sketchfab.com/models/9d71549827ef456ba14946f4b0e0b38e/thumbnails/e8c6bd80acf44fb4b05e12e771c00ba5/6cebbc69c57147d58c9ba8201ee4238d.jpeg
https://sketchfab.com/3d-models/nigersaurus-taqueti-rough-a845da1297fe46b682a2fe29928c68d0,https://media.sketchfab.com/models/a845da1297fe46b682a2fe29928c68d0/thumbnails/3f4260732795488cb5746d8ef792f10b/449305bb0472464383ab8aa7b080b186.jpeg
https://sketchfab.com/3d-models/sarcosaurus-woodii-pelvis-part-2-85caf8d134b74ae8a076782adcc8e60e,https://media.sketchfab.com/models/85caf8d134b74ae8a076782adcc8e60e/thumbnails/a9f8aaab84a24e2b9e2c9a319960bbfe/555a4255a58a42a9a5d1dd3a04f370e1.jpeg
https://sketchfab.com/3d-models/camarasaurs-skull-and-jaw-a2753346bb3b4148b32af57ca7e48631,https://media.sketchfab.com/models/a2753346bb3b4148b32af57ca7e48631/thumbnails/a4f9387bdc6c4a78bbd3b122e9276668/720x405.jpeg
https://sketchfab.com/3d-models/megalosaurus-jaw-40c12d8765d743f6a92e87fe470d0208,https://media.sketchfab.com/models/40c12d8765d743f6a92e87fe470d0208/thumbnails/ca08092b0756497593e0d3a505933191/6ee134fd572449da97783bea639492f9.jpeg
https://sketchfab.com/3d-models/plateosaurus-1d6dc7ea620149a8a15599bd07bcd49f,https://media.sketchfab.com/models/1d6dc7ea620149a8a15599bd07bcd49f/thumbnails/bb28b3987bed4eda91da04d87f0d3e02/4037f9d2e40f43cbb9fb5c8001c9a7ce.jpeg
https://sketchfab.com/3d-models/triceratops-skull-best-quality-8c21025761874df098a6f3d2b58c0eb0,https://media.sketchfab.com/models/8c21025761874df098a6f3d2b58c0eb0/thumbnails/9174fe2eabbb44f8a7b6434c3817cbeb/8a47d076f2714da9819234fb4105effb.jpeg
https://sketchfab.com/3d-models/t-rex-trophy-d8061f1435824b4f8b702cec989239ba,https://media.sketchfab.com/models/d8061f1435824b4f8b702cec989239ba/thumbnails/69b210e362ec4e91875869042fd8462e/46cc926e09c04ff8abbce656f7c8ee5a.jpeg
https://sketchfab.com/3d-models/suskityrannus-hazelae-a-tyrannosauroid-0e4a749d8f28483e9c47c41eb2a33d58,https://media.sketchfab.com/models/0e4a749d8f28483e9c47c41eb2a33d58/thumbnails/7a5832051309473fa5c8c3f4db7de2e7/49175065ea214afdb5c4b066cda4ab14.jpeg
https://sketchfab.com/3d-models/hungarosaurus-tormai-dentary-also-allkapocs-36882cb31de345cba1328d061754cf4f,https://media.sketchfab.com/models/36882cb31de345cba1328d061754cf4f/thumbnails/2a6ce792ed0b48ddbf14888d8766acda/9fc1663b12584a18bd90c69c631e1b7a.jpeg
https://sketchfab.com/3d-models/hypsilophodon-foxii-f06ec63589b6498d9c1c12fd2c1fb62d,https://media.sketchfab.com/models/f06ec63589b6498d9c1c12fd2c1fb62d/thumbnails/e8de2feef44242d0a4848d0832721450/68181a69889f49afa045210164d35d33.jpeg
https://sketchfab.com/3d-models/coelophysis-bauri-81st-street-ny-subway-1960191653da4987bce289e183d777f4,https://media.sketchfab.com/models/1960191653da4987bce289e183d777f4/thumbnails/600680dc3c4f49d68442d52936ad1325/0c324efc0d3c4ddf8ce59a0f179fe500.jpeg
https://sketchfab.com/3d-models/gobi-flag-amnh-happy-independence-day-2019-08d7e27f151640a6b180f8e65c239349,https://media.sketchfab.com/models/08d7e27f151640a6b180f8e65c239349/thumbnails/fa23b5e01325400789cc6ea563cdd2e9/b2f008d6d7a1441caa634e3d0f356379.jpeg
https://sketchfab.com/3d-models/teropod-dinosaur-tooth-spinosaurus-aegyptiacus-b7fdcf9801464152bf7788ca2a511978,https://media.sketchfab.com/models/b7fdcf9801464152bf7788ca2a511978/thumbnails/81c72957aaef4a309c95aa2c5832a64f/fc760213c9554d43a86a23a5de5cdd17.jpeg
https://sketchfab.com/3d-models/hungarosaurus-tormai-tooth-fog-12e79834bfc44f2385e58562c88e8cac,https://media.sketchfab.com/models/12e79834bfc44f2385e58562c88e8cac/thumbnails/cc79038e27114b8388f4105e29c82146/d2e3e259ea444a489f3a2076354d2128.jpeg
https://sketchfab.com/3d-models/aerodactyl-553b955228aa4546a6050842ffda4e6f,https://media.sketchfab.com/models/553b955228aa4546a6050842ffda4e6f/thumbnails/d099886538384dcab912141720e0d555/d245b5c674654ba58756ab18fdddf52b.jpeg
https://sketchfab.com/3d-models/plesiosaur-fossil-a7819809dd6b42609cd3c31c49a510bf,https://media.sketchfab.com/models/a7819809dd6b42609cd3c31c49a510bf/thumbnails/5c4c0e9f0db548f195761b65c97ca979/b4f2471e4a3b4ab2b6b4523e0f5a3843.jpeg
https://sketchfab.com/3d-models/smilodon-populator-skull-131594ed09d1413391f94e6af75742ba,https://media.sketchfab.com/models/131594ed09d1413391f94e6af75742ba/thumbnails/8829930329ec471c9e419e6866bae691/186afb17ad6d48d19341740e02ec36c4.jpeg
https://sketchfab.com/3d-models/tylosaurus-skeleton-high-poly-count-99b25bb528c34089845ea15058e7b5df,https://media.sketchfab.com/models/99b25bb528c34089845ea15058e7b5df/thumbnails/0b6c7d77f5bc4dc0be4bc7795d32afb2/67a6666539b04ae2a9809ce3c1459932.jpeg
https://sketchfab.com/3d-models/dinosaur-bones-1873b9cf1b004ea5b1410aa7caac02a0,https://media.sketchfab.com/models/1873b9cf1b004ea5b1410aa7caac02a0/thumbnails/add5b4b8e8b0423baa8246f83f57228c/84b46ddd69624adaa77556b70d43b602.jpeg
https://sketchfab.com/3d-models/thelodus-ebef408b825f4637929e16fd049f0768,https://media.sketchfab.com/models/ebef408b825f4637929e16fd049f0768/thumbnails/7182322935834e9a94b623f8fd6a3de4/36a9fe2af5c44dd8ad443a79fe9fd450.jpeg
https://sketchfab.com/3d-models/ajkaceratops-kozmai-premaxillarostral-bone-a6bc0971726e4f6697f6115f8e168340,https://media.sketchfab.com/models/a6bc0971726e4f6697f6115f8e168340/thumbnails/0c694306ec934875902077442db09f8a/11715bb7fc1c4e9ca2f5203a3672c807.jpeg
https://sketchfab.com/3d-models/birug107071-grallator-sp-theropod-footprint-2438ef8c0a6f46d98a17e625cb783f0b,https://media.sketchfab.com/models/2438ef8c0a6f46d98a17e625cb783f0b/thumbnails/838f474cfb574f53bfe46a53d6b7074a/18d93203c16948dea74ffb24308ddd0b.jpeg
https://sketchfab.com/3d-models/trike-skull-a3ebe01959fb4023b50d58da6b41fa44,https://media.sketchfab.com/models/a3ebe01959fb4023b50d58da6b41fa44/thumbnails/fcac86368536485a83f72165c2e9137e/3f276550439741a39679ab65f7c352ed.jpeg
https://sketchfab.com/3d-models/hadrosaurid-fossil-egg-c41ed29ca8be4938927bb7c937153095,https://media.sketchfab.com/models/c41ed29ca8be4938927bb7c937153095/thumbnails/8078506fd33246999d21804cacf84cf2/63a065ef9f7d41df9991d8b2dff5f286.jpeg
https://sketchfab.com/3d-models/sarcosaurus-woodii-tibia-ac07cb27de5649619f76c2dac5cfc198,https://media.sketchfab.com/models/ac07cb27de5649619f76c2dac5cfc198/thumbnails/572e16cb661a46b2acab24386bbcf486/cc095f67063045f3b2a52d1708f690ee.jpeg
https://sketchfab.com/3d-models/pterosaur-dbbfd31a8f324437ad6550b8d2c1b52e,https://media.sketchfab.com/models/dbbfd31a8f324437ad6550b8d2c1b52e/thumbnails/a869f5009bdd46e7b3d370f5b76d1d00/f60907093c664f54a735c6781abdfebf.jpeg
https://sketchfab.com/3d-models/brachiosaurus-df16972f71bb44a4804981bd262a1dbf,https://media.sketchfab.com/models/df16972f71bb44a4804981bd262a1dbf/thumbnails/ab264a26815b40d08dbb1cebec0fa54a/95b8ceb2d6b44df495b50b2e833837c8.jpeg
https://sketchfab.com/3d-models/tyrannosaurus-rex-skeleton-4752dcc095c84c6ab48459ef5f744298,https://media.sketchfab.com/models/4752dcc095c84c6ab48459ef5f744298/thumbnails/32aee5ac51e2453bbe0a8512d8c03f6d/9ab8b3a4c9894349a8089bec6b1f9dcf.jpeg
https://sketchfab.com/3d-models/allosaurus-skull-3cfbb78bd4184bedbef2b7d849ab3c33,https://media.sketchfab.com/models/3cfbb78bd4184bedbef2b7d849ab3c33/thumbnails/54998207d58d4c5796b5c07e15246f93/eb872ece9cb441e6ae7994c06de14abe.jpeg
https://sketchfab.com/3d-models/eoraptor-lunensis-ef6e5b69a9db47639991b9a9116e4277,https://media.sketchfab.com/models/ef6e5b69a9db47639991b9a9116e4277/thumbnails/6db0daa3da604767b55c9c3d4d5d5a6f/a7a8b77202974a7ea0e58d9668c2e40a.jpeg
https://sketchfab.com/3d-models/pterosaure-ca7db9cb6c3e4e7cab83acdb20a4352f,https://media.sketchfab.com/models/ca7db9cb6c3e4e7cab83acdb20a4352f/thumbnails/16c1a3b1c94444afaff14ed83c2a6dbc/c97f1b1816a14fd5bc0b65a6773b1593.jpeg
https://sketchfab.com/3d-models/mochlodon-vorosi-lower-tooth-also-fog-1e734a9bc9b8473eb09f367ab913d4f3,https://media.sketchfab.com/models/1e734a9bc9b8473eb09f367ab913d4f3/thumbnails/7697b352999045ac9bce66046436fcf6/8b4328e6938a40768992641ff1ce4761.jpeg
https://sketchfab.com/3d-models/psittacosaurus-lujiatunensis-586e4c647d174527aae8d35f0ca47381,https://media.sketchfab.com/models/586e4c647d174527aae8d35f0ca47381/thumbnails/0ed70e286bc94ac7a49c2be8c6ef021d/7002bc4e79ce4d409d46c3685d9859d1.jpeg
https://sketchfab.com/3d-models/trex-tooth-8eef63088e3744ecb711957c21e7c8d3,https://media.sketchfab.com/models/8eef63088e3744ecb711957c21e7c8d3/thumbnails/fb8477e31967452bae3692417101203e/640x360.jpeg
https://sketchfab.com/3d-models/old-t-rex-reconstruction-0ff4376522e04c1788cdacbaa8e58d32,https://media.sketchfab.com/models/0ff4376522e04c1788cdacbaa8e58d32/thumbnails/09fb25b606b2494488a27775b233f5ae/23b75ab9c1cf47218fbdae1b30c917a6.jpeg
https://sketchfab.com/3d-models/plate-and-spine-of-stegosaurus-eb41d78673124b5abb38b4d40be73390,https://media.sketchfab.com/models/eb41d78673124b5abb38b4d40be73390/thumbnails/28d8796259a24f668a47da768a930ccf/3fe3552b7eb44bafa7d3f98953b2faf4.jpeg
https://sketchfab.com/3d-models/tyrannosaurus-rex-f8be2f9acb3144b5bb584179bd9113e3,https://media.sketchfab.com/models/f8be2f9acb3144b5bb584179bd9113e3/thumbnails/5d386fb5ae6742ef9cc458174b1c520e/633298cdcf2e431cae5d3264c1f59b32.jpeg
https://sketchfab.com/3d-models/megalodon-tooth-cast-3d-scan-66212a4a46444319a972a0fee30d1211,https://media.sketchfab.com/models/66212a4a46444319a972a0fee30d1211/thumbnails/c8a28ab751f84c89b53fe5a12c3ef547/d0fe85eda06849a2949f03a616dc083a.jpeg
https://sketchfab.com/3d-models/uw46894-allosaurus-fragilis-vertebra-5ef9b0732705457fa0edf482ec96fc22,https://media.sketchfab.com/models/5ef9b0732705457fa0edf482ec96fc22/thumbnails/9911fa6e58004fa4a4161e3492522b0a/7db29acf484b46d4b25d85f4f86ae56c.jpeg
https://sketchfab.com/3d-models/t-rex-tooth-cast-3d-scan-038367bc9fc142a79df51a7c6f99bc37,https://media.sketchfab.com/models/038367bc9fc142a79df51a7c6f99bc37/thumbnails/cbe475dfc3ca47338fca16adfe3fa501/6748da84a9e6425887a96358ecb794d1.jpeg
https://sketchfab.com/3d-models/the-hand-of-iguanodon-cfca1395ddce40c3bdff2ffe8ece3f95,https://media.sketchfab.com/models/cfca1395ddce40c3bdff2ffe8ece3f95/thumbnails/64ccc89935f449d1aab5b7544ee3fa83/3e29a15189084402bd164652c7431fc0.jpeg
https://sketchfab.com/3d-models/allosaurus-bone-fragment-774b2c2833cb4acf83251f38c71cc056,https://media.sketchfab.com/models/774b2c2833cb4acf83251f38c71cc056/thumbnails/2a0dbfa1469943cdbcb254151e8b98cd/6e72b1e1986b4cbcb81d5192238310d2.jpeg
https://sketchfab.com/3d-models/mochlodon-vorosi-dentary-also-allkapocs-6328f069dfcd4f6a809ff3e49ecb55ee,https://media.sketchfab.com/models/6328f069dfcd4f6a809ff3e49ecb55ee/thumbnails/6e25237470a247f99a7fb89ef9b1a92b/515425ea6ebe441dabffae8ab911820d.jpeg
https://sketchfab.com/3d-models/gnathovorax-skull-f1a37a8f6a534a2191b1f6f0c7299d69,https://media.sketchfab.com/models/f1a37a8f6a534a2191b1f6f0c7299d69/thumbnails/48bbd8a3726a438f9cdd8df2a3fb2092/3ea3e5f4b2ab463fb1738f4bebec56e5.jpeg
https://sketchfab.com/3d-models/dinosaur-track-vcu-3d-3439-6f962721b1dc4254b59722adbb025f4b,https://media.sketchfab.com/models/6f962721b1dc4254b59722adbb025f4b/thumbnails/de99676b4c4f4d7281f2c3da901f4dc3/0ac1ba5a67d4465988cc501431ffe796.jpeg
https://sketchfab.com/3d-models/chest-of-the-four-mythical-beasts-e6eca07f73f0418b9f6b3219c86a331f,https://media.sketchfab.com/models/e6eca07f73f0418b9f6b3219c86a331f/thumbnails/411b2d1c1a9b4570bb79b0d1472c135f/5b494f25158e4836bb34fde551f68d1f.jpeg
https://sketchfab.com/3d-models/tyrannosaurus-41-df29469066ac459393e91b48b5d5ada4,https://media.sketchfab.com/models/df29469066ac459393e91b48b5d5ada4/thumbnails/933f16304f684c6fbd8765dbfb935a2a/5af87f3f23a84a0e9b25a38991ef63d5.jpeg
https://sketchfab.com/3d-models/smithsonian-wankel-rex-undistorted-62c596640dad4f15b36e751225bf6fca,https://media.sketchfab.com/models/62c596640dad4f15b36e751225bf6fca/thumbnails/1be12cb409aa4acdb77831cdb7630b06/d427e889a5c3472487830ddc06032573.jpeg
https://sketchfab.com/3d-models/fossil-footprint-whitby-1835c29476644e29bc831f45f6bfb909,https://media.sketchfab.com/models/1835c29476644e29bc831f45f6bfb909/thumbnails/aaa708bcff714dfa8d3c1cb48855fc3a/cd11e82dfbab44b593d0a8bd8fdd5dca.jpeg
https://sketchfab.com/3d-models/dimetrodon-skull-early-permian-9f40f924c9ba455d9ed3b81a708481f1,https://media.sketchfab.com/models/9f40f924c9ba455d9ed3b81a708481f1/thumbnails/5641c174235146a89d71333db702a888/5e669fed469849d0b256d3ad01b06f07.jpeg
https://sketchfab.com/3d-models/allosaurus-claw-98e32fdea993465e935350cb9d2d0f9b,https://media.sketchfab.com/models/98e32fdea993465e935350cb9d2d0f9b/thumbnails/0771d074b65c4c3aa858ee9c331a889e/88bd44f0c2424953b2ea8445316b1224.jpeg
https://sketchfab.com/3d-models/tiger-11-96312690531f49668a78fc71471107ea,https://media.sketchfab.com/models/96312690531f49668a78fc71471107ea/thumbnails/a390be9fe5df43fa8c184b57755562df/f2da003caae444dbbbb0681adbd3565e.jpeg
https://sketchfab.com/3d-models/griffe-de-sauropode-b1ac12106fef400499b371465d2d6cd3,https://media.sketchfab.com/models/b1ac12106fef400499b371465d2d6cd3/thumbnails/c63db17270a74e2a868f1861de9a3777/640x360.jpeg
https://sketchfab.com/3d-models/track-1-picketwire-co-a78483de263c4ece802728d38480b310,https://media.sketchfab.com/models/a78483de263c4ece802728d38480b310/thumbnails/418e3cd343da46fe8f76efcc0e4cf03a/d798e506e79e4c1fa12150180042f640.jpeg
https://sketchfab.com/3d-models/concavenator-50b14e0076a6476f89d007e0339e0fb2,https://media.sketchfab.com/models/50b14e0076a6476f89d007e0339e0fb2/thumbnails/ae10933631174a4093be2f7f3a7be110/e2cbdd6d4fea44f0b27ff7c501e1c005.jpeg
https://sketchfab.com/3d-models/plesiosaur-or-pliosaur-fossil-femur-0fb83dc80e9d4561b30adff8c1f9cb8f,https://media.sketchfab.com/models/0fb83dc80e9d4561b30adff8c1f9cb8f/thumbnails/0453b1cab30647728c5687b4ab6b4b7d/83339fef1a28447ea578737d7e10e18a.jpeg
https://sketchfab.com/3d-models/dinosaur-vertebrae-14ab96bff4484673aa88b968865a7c86,https://media.sketchfab.com/models/14ab96bff4484673aa88b968865a7c86/thumbnails/d9c879aa0dc0419c8a95e3cc711b5a6c/fbb1a5cffa0b40ff9bb71b85c85b8aee.jpeg
https://sketchfab.com/3d-models/adult-tyrannosaurus-rex-bd80de8cc75e44d1a1ada2f24e5f2d9d,https://media.sketchfab.com/models/bd80de8cc75e44d1a1ada2f24e5f2d9d/thumbnails/494a54e68a80461abbbb2ec88e9db3e1/47e16fe1b6e445f7b5ebf7e6efb16d95.jpeg
https://sketchfab.com/3d-models/hadrosauridae-sp-egg-5f286e7f75f64c5f92f47cd40f1b0f9f,https://media.sketchfab.com/models/5f286e7f75f64c5f92f47cd40f1b0f9f/thumbnails/30c4aa875a7c419291e5af67f419c0fd/18490627cf9f489da72233ae8b1db49f.jpeg
https://sketchfab.com/3d-models/dinosaur-vertebrae-3e9290e1da77438b8f5ae3af6744d8af,https://media.sketchfab.com/models/3e9290e1da77438b8f5ae3af6744d8af/thumbnails/412709eaec52450b9738f534e5078ffd/93ea64c336e849459d38db2732dd9e4c.jpeg
https://sketchfab.com/3d-models/sarcosaurus-woodii-femur-7cbcb24f7f374ecaa139f3a6e75119d2,https://media.sketchfab.com/models/7cbcb24f7f374ecaa139f3a6e75119d2/thumbnails/82a77d4aeb814d7f8c473097eeccf6d7/d7237df831064664bce9f6eee615d8f0.jpeg
https://sketchfab.com/3d-models/pawpawsaurus-campbelli-64cd63cd511a491da5ca882fdd02e462,https://media.sketchfab.com/models/64cd63cd511a491da5ca882fdd02e462/thumbnails/0ec793c586da4ff1ae45e128b627ca91/7bee2a04288f4579a38af367afcdb8da.jpeg
https://sketchfab.com/3d-models/a-spiny-ammonite-69762763d05f4be19849b5d6024e282a,https://media.sketchfab.com/models/69762763d05f4be19849b5d6024e282a/thumbnails/2e4df9fcff0740458bf98f8e9f1dd8f9/04775043df39463d9eb24967694d6ec5.jpeg
https://sketchfab.com/3d-models/tyrannosaurus-rex-40-ce5321ddccbb4d839f0e06bf36b6047a,https://media.sketchfab.com/models/ce5321ddccbb4d839f0e06bf36b6047a/thumbnails/195ebb5e53044545a905dd853f986687/7d758603b6af461bb91d3d661d260d6e.jpeg
https://sketchfab.com/3d-models/the-armoured-extinct-mammal-panochthus-c35f524bb29c432bbcf6b8c1e5198fdb,https://media.sketchfab.com/models/c35f524bb29c432bbcf6b8c1e5198fdb/thumbnails/f506499920d24a5ca4a403f9f13d01b3/3593e18e31f84fbb92414f7d95693129.jpeg
https://sketchfab.com/3d-models/citipati-osmolskae-d6d0736d2077475d84f617cc96e9f330,https://media.sketchfab.com/models/d6d0736d2077475d84f617cc96e9f330/thumbnails/6361ef1570224602beb754f3d52317ab/a7a751d574cb420c8c63a0a7b664eac1.jpeg
https://sketchfab.com/3d-models/yet-another-rex-skull-eb9302e41f204cbb9703f4c24b1a5bc3,https://media.sketchfab.com/models/eb9302e41f204cbb9703f4c24b1a5bc3/thumbnails/4d222dbbd2454d9cb003ccdda61887c9/8bb4f13a9a3341c699971643a86a55cd.jpeg
https://sketchfab.com/3d-models/real-time-refraction-demo-mosquito-in-amber-37233d6ed84844fea1ebe88069ea58d1,https://media.sketchfab.com/models/37233d6ed84844fea1ebe88069ea58d1/thumbnails/c87f4d4a281e4d22ab766493f6305eb7/389b4031da9749909bbeee57f7b7f913.jpeg
https://sketchfab.com/3d-models/ankylosaurus-scute-cast-3d-scan-f2c73d314c9347c998be519d65ab2d3d,https://media.sketchfab.com/models/f2c73d314c9347c998be519d65ab2d3d/thumbnails/162928d1328c401489aebdb728a3effe/25bfba86690b44079ba5ee390a960407.jpeg
https://sketchfab.com/3d-models/sinovenator-changii-ivpp-v20378-2ccee430415a4c71b5f31ba67156bbd4,https://media.sketchfab.com/models/2ccee430415a4c71b5f31ba67156bbd4/thumbnails/ce12453fef7149d89418785144309be7/7f9a561f43d14ee880d87920e132260e.jpeg
https://sketchfab.com/3d-models/spinosaurus-b47534b995c14d5789905f481c50760d,https://media.sketchfab.com/models/b47534b995c14d5789905f481c50760d/thumbnails/72f59b5d9b1545579565845293e5ba15/ef671af8d00d47e1a666814f01418ffe.jpeg
https://sketchfab.com/3d-models/crystal-palace-iguanodon-6bc7692c83cb407d87a868be7e1e82fc,https://media.sketchfab.com/models/6bc7692c83cb407d87a868be7e1e82fc/thumbnails/ab7f5f1e03e34becabbd45831019ce63/5d5b150394184106bc7f95b5e66beb64.jpeg
https://sketchfab.com/3d-models/zanabazar-junior-b6c56ec9b33d41a087580bc3752f5df3,https://media.sketchfab.com/models/b6c56ec9b33d41a087580bc3752f5df3/thumbnails/6808a0262d5c4d5b918d603fa4dd0877/e7932638b4a143aa8538bd9ad3f72757.jpeg
https://sketchfab.com/3d-models/euplocephalus-skull-c7053685b14c4a1281e1939eb5f544aa,https://media.sketchfab.com/models/c7053685b14c4a1281e1939eb5f544aa/thumbnails/01f21f5c70314b73be0716724fb5a4b8/640x360.jpeg
https://sketchfab.com/3d-models/hadrosaur-track-with-leaves-highlighted-3d463f0054a546f181683cae760df238,https://media.sketchfab.com/models/3d463f0054a546f181683cae760df238/thumbnails/e190dba1b8b64f1abe522cc022617200/448x252.jpeg
https://sketchfab.com/3d-models/juvenile-tyrannosaurus-2fb5178065c14a72b7123f430ecee53a,https://media.sketchfab.com/models/2fb5178065c14a72b7123f430ecee53a/thumbnails/04a30c906f3a43f1b499711ecd4f56c0/fb8536021a5a4c168578221aa24fa488.jpeg
https://sketchfab.com/3d-models/t-rex-partial-lower-jaw-7ec4334a13c044e4990e1c9f1be02531,https://media.sketchfab.com/models/7ec4334a13c044e4990e1c9f1be02531/thumbnails/89ccf614db254d63a7401f255e9d0208/f60f31ca90ae4bc5b62d5c75375aa07b.jpeg
https://sketchfab.com/3d-models/horseshoe-crab-fossil-ffeae8a50c444f67a6a31ba1c18b29d2,https://media.sketchfab.com/models/ffeae8a50c444f67a6a31ba1c18b29d2/thumbnails/c7596f82e1124621890b4db7097125b4/720x405.jpeg
https://sketchfab.com/3d-models/crocodile-braincase-094e4844a97f431393bda29a35aba592,https://media.sketchfab.com/models/094e4844a97f431393bda29a35aba592/thumbnails/f27f7bb9be0c49a6b6c24007586f7328/d640d78759e64b00845e587397affb94.jpeg
https://sketchfab.com/3d-models/bakonydraco-galaczi-mandibular-symphysis-c465d96f14d3471598314ba63996d403,https://media.sketchfab.com/models/c465d96f14d3471598314ba63996d403/thumbnails/828d0ec27c564082a37a0b39ae7478a3/d7c2939410cb4060a355446b390c8709.jpeg
https://sketchfab.com/3d-models/tooth-crown-of-mosasaurus-hoffmannii-1df3db41a81449838334070de82fafc8,https://media.sketchfab.com/models/1df3db41a81449838334070de82fafc8/thumbnails/47ce7e6e022e4a87830a3584837ae0c0/df70c294b1174bc9a08458ecd3adf2c1.jpeg
https://sketchfab.com/3d-models/t-rex-tooth-cast-2-3d-scan-a50fb709ac9c4a80897e9c6a1ad4d111,https://media.sketchfab.com/models/a50fb709ac9c4a80897e9c6a1ad4d111/thumbnails/0028eed7b43b40a7a8e82cd950e7788f/5832c9ea842e4502934e384bda7e5033.jpeg
https://sketchfab.com/3d-models/juvenile-t-rex-high-poly-27e871b39b3648d7ae9d05e90ea4a6c0,https://media.sketchfab.com/models/27e871b39b3648d7ae9d05e90ea4a6c0/thumbnails/96ef8f64736b4168a04caa8aabbfb488/3a060145d808458c9bed60b2b3e124b9.jpeg
https://sketchfab.com/3d-models/spinosaurus-aegyptiacus-skeleton-b014de567a354019a5079b4796894655,https://media.sketchfab.com/models/b014de567a354019a5079b4796894655/thumbnails/c1ce2576ead04612835d42584e79ca9c/bd87364f31064251bb187a13247d9bff.jpeg
https://sketchfab.com/3d-models/dinosaur-statue-haddonfield-nj-960b0cb34b1b4e349aec5bc6e328e91a,https://media.sketchfab.com/models/960b0cb34b1b4e349aec5bc6e328e91a/thumbnails/9d123c548e354479a6afe567087cf68e/61f2cb4e09084994851cbd41d1e45d7d.jpeg
https://sketchfab.com/3d-models/ichthyosaurs-ba69c853ba5b418f8e9d15f74f1aaf79,https://media.sketchfab.com/models/ba69c853ba5b418f8e9d15f74f1aaf79/thumbnails/55773016da0542758bf2ad2ef7ceb3a5/a3259b48c91048689da40c0cc7215fc0.jpeg
https://sketchfab.com/3d-models/maiasaura-4b381d9d0c5746b684143e0bf19b6d1d,https://media.sketchfab.com/models/4b381d9d0c5746b684143e0bf19b6d1d/thumbnails/8559e18cec7e40f48ecf331ecafe0f31/1b22ebfae48e4628952de59de5a346bc.jpeg
https://sketchfab.com/3d-models/ceoloyphysis-012c3c65126a44eca76eeff64590d203,https://media.sketchfab.com/models/012c3c65126a44eca76eeff64590d203/thumbnails/78e3228ea61349018c6d53b0349cdaa4/c554d04b241d464a8f79b15a7c0f1b05.jpeg
https://sketchfab.com/3d-models/podokesaurus-holyokensis-dcf2ad58a9d2472188dfa458d4cead04,https://media.sketchfab.com/models/dcf2ad58a9d2472188dfa458d4cead04/thumbnails/4e491cf4c595480b955f3e4c3ce3509c/4fd09c1c5c094bbeb6f32ea1ebc34f5e.jpeg
https://sketchfab.com/3d-models/spinosaurus-tooth-dcd10af830824313ac1836eef8518ccd,https://media.sketchfab.com/models/dcd10af830824313ac1836eef8518ccd/thumbnails/9c1d0b0e8b4b477eb7fab17b9e5ba453/25142929b2ed465d9af105bcb2410a2f.jpeg
https://sketchfab.com/3d-models/track-2-picketwire-co-b9299f7302b7447f9b68ee6c979222e3,https://media.sketchfab.com/models/b9299f7302b7447f9b68ee6c979222e3/thumbnails/1b4019313a8745b78060039ca842d289/8dfc75f031d74e4d92c4a7e9ed05e266.jpeg
https://sketchfab.com/3d-models/tyrannosaurus-rex-42-1105ddbae5dc4b72a3821e740459052a,https://media.sketchfab.com/models/1105ddbae5dc4b72a3821e740459052a/thumbnails/4cd63eb567db4d6c8424672194d5dbb2/eaa77edcb3844b1f9482ac6ae4aeace3.jpeg
https://sketchfab.com/3d-models/t-rex-broken-tooth-3d-scan-55f72a00e17c46c1901eda78eb957a2f,https://media.sketchfab.com/models/55f72a00e17c46c1901eda78eb957a2f/thumbnails/8fdc9ba22ded4c3ba353114209b79e5d/c9c6e1e751c74ee08d25be5657c58780.jpeg
https://sketchfab.com/3d-models/karaurus-3d-print-fb3901605d154523914df0bcdf5b4aac,https://media.sketchfab.com/models/fb3901605d154523914df0bcdf5b4aac/thumbnails/71b3b1e4952c4bd78f00a283f13804f7/1fdf7be969554ca294de6305a9aa34a5.jpeg
https://sketchfab.com/3d-models/spinosaurus-tooth-2d13203c065e437981ef86d5a61b5138,https://media.sketchfab.com/models/2d13203c065e437981ef86d5a61b5138/thumbnails/b1ae980fb3d4486891de6e81dd184b3a/d2596ffc0149401ab922a5010acc62f1.jpeg
https://sketchfab.com/3d-models/olorotitan-arharensis-skull-242b7d607cf04f72b28062dabefa4ddc,https://media.sketchfab.com/models/242b7d607cf04f72b28062dabefa4ddc/thumbnails/a013af93bba7451f8f37cc2439ef9e0c/626f212f380e40cc9f0ea825e757fcba.jpeg
https://sketchfab.com/3d-models/the-dino-formerly-know-as-syntarsus-kayentakatae-acdc80e6a17246a6a1709f5b4cdb7e18,https://media.sketchfab.com/models/acdc80e6a17246a6a1709f5b4cdb7e18/thumbnails/2b2a227024184b188a82f2f1ccfb6d07/ed3bcf384ab441febdcd3d5c9d47f0c9.jpeg
https://sketchfab.com/3d-models/baby-parasaurolophus-skeleton-18de87dd270f478bbbeb310cd514cc00,https://media.sketchfab.com/models/18de87dd270f478bbbeb310cd514cc00/thumbnails/e050b4b4112d4a5aa0cab7fdc28adda6/4e564a40deba48ae91b393bb3058f859.jpeg
https://sketchfab.com/3d-models/corythosaurus-casuarius-8147714eca384feb8f3b33068ff362e8,https://media.sketchfab.com/models/8147714eca384feb8f3b33068ff362e8/thumbnails/f19a4ca3e4294c638ee1dc1ed68af3a6/ab8f82932271455c882d6979a0f4ed69.jpeg
https://sketchfab.com/3d-models/raptor-claw-d7de938402094c88a1e2e99beafe4f77,https://media.sketchfab.com/models/d7de938402094c88a1e2e99beafe4f77/thumbnails/fd6f2097991347e7889d1f656c759e80/d822314ce2884d658f2925b3a3ca67af.jpeg
https://sketchfab.com/3d-models/callibrachion-gaudryi-9155f87202644d549358de71506a169d,https://media.sketchfab.com/models/9155f87202644d549358de71506a169d/thumbnails/f996ac0f577f4837a5639c4d3219ea1d/216ac4757fc54c8bafb4763d5c0d0bad.jpeg
https://sketchfab.com/3d-models/mollusc-fossils-in-sandstone-239be552ce814d7f9e8dad9f9f23a611,https://media.sketchfab.com/models/239be552ce814d7f9e8dad9f9f23a611/thumbnails/9fa708ddc4b34a2283a1ec22917256e0/d1650cada69c47b5b7c9956470b75469.jpeg
https://sketchfab.com/3d-models/cranio-de-alossauro-c18a2289335f4787bfc128294eccff91,https://media.sketchfab.com/models/c18a2289335f4787bfc128294eccff91/thumbnails/8973a68ac9724d7eace0eabda496192c/6da6b0aba1b24e8498a9a71a0c909b24.jpeg
https://sketchfab.com/3d-models/crushed-tyrannosaur-tooth-in-matrix-3bbdbc952ac74eca8b8a660a3b88a574,https://media.sketchfab.com/models/3bbdbc952ac74eca8b8a660a3b88a574/thumbnails/558ccefee20346e1bbc71e7abc39dedc/e3049fc3dd4a4aa08bc53dd78f54fc7a.jpeg
https://sketchfab.com/3d-models/gastropod-shells-9b4c1b99c1304023884a0e2efbd61c27,https://media.sketchfab.com/models/9b4c1b99c1304023884a0e2efbd61c27/thumbnails/a636a554af904be4a0ce2700241322f5/d6a128b6e73546baafda4b13eb973ee5.jpeg
https://sketchfab.com/3d-models/large-onchopristis-sawfish-barb-af68b35f4b6e49288732ac84e458675e,https://media.sketchfab.com/models/af68b35f4b6e49288732ac84e458675e/thumbnails/78ec33aa2a8f445881134eaede6efb0b/7d55cba73f174845b539e019b983ae2f.jpeg
https://sketchfab.com/3d-models/mosasaur-4dbb564bcee942d1a05f4dfdbd8964f5,https://media.sketchfab.com/models/4dbb564bcee942d1a05f4dfdbd8964f5/thumbnails/6fb434a7b10949ceb87dd63e57a361a4/b5bd0d445e0446d58abc29aa54836512.jpeg
https://sketchfab.com/3d-models/uw6504-stegosaurus-sp-skull-cast-54342b77ae714bbaa422fffeca083811,https://media.sketchfab.com/models/54342b77ae714bbaa422fffeca083811/thumbnails/24c345b608ad4eb5adad36c0985e88ad/f2ac4a34b08744da9bd023d318ba082a.jpeg
https://sketchfab.com/3d-models/uw44050-pachycephalosauridae-skull-c86bdcc0448b4bf3927ec766e35793e6,https://media.sketchfab.com/models/c86bdcc0448b4bf3927ec766e35793e6/thumbnails/5d0c4f59d2594283899fdc6ce86ebb1a/8ff8bee63b5a49bf976799599346e167.jpeg
https://sketchfab.com/3d-models/dinosaur-egg-huevo-dinosaurio-3d-scan-ea86b46900c842f4875e67016aada6db,https://media.sketchfab.com/models/ea86b46900c842f4875e67016aada6db/thumbnails/f9e9afcc55824044a3d491e7e49732b0/3e31c8ec65894d8db9de6732ff1ff0e4.jpeg
https://sketchfab.com/3d-models/iguanodon-jawbone-f016ad38ebb647988dafd6bbdc1510d0,https://media.sketchfab.com/models/f016ad38ebb647988dafd6bbdc1510d0/thumbnails/333b6b15cd8b42fd9192dcf697b93984/6f9865329bca4729a9564e45a1660161.jpeg
https://sketchfab.com/3d-models/tyrannosaur-phalanx-from-grand-staircase-fa1550ad9a044991ab00b9a4b7f527e1,https://media.sketchfab.com/models/fa1550ad9a044991ab00b9a4b7f527e1/thumbnails/489a89e3d6ef4bca9606d6e5e4f40bb6/d7757a572dec411b8e2d2bc22ad7eabb.jpeg
https://sketchfab.com/3d-models/sarcosaurus-woodii-vertebrae-53cc75fe02824b54aefd891685fd1e87,https://media.sketchfab.com/models/53cc75fe02824b54aefd891685fd1e87/thumbnails/4917c4e7083142c8b0f7805ff4ed69fe/4359889a1b5e4598b120d29343325432.jpeg
https://sketchfab.com/3d-models/cambrian-trilobite-7752a02724ec4169b999e0fc20a22543,https://media.sketchfab.com/models/7752a02724ec4169b999e0fc20a22543/thumbnails/5a2de97f66394430937a43d3e38338db/55c9607d63cc4dad9d9079c1b0612979.jpeg
https://sketchfab.com/3d-models/dino-poop-coprolite-a35160bf4e384dbab449112ea3fe91e0,https://media.sketchfab.com/models/a35160bf4e384dbab449112ea3fe91e0/thumbnails/72405c57d1004af5b65db586166a3bf1/2f575e27277f402a89dc70163e023ea9.jpeg
https://sketchfab.com/3d-models/tyrannosaurus-rex-d750992c125f4b20b7ca6126d8210ab6,https://media.sketchfab.com/models/d750992c125f4b20b7ca6126d8210ab6/thumbnails/5c658d9f23d74a49985d3d137169fd9a/0ba21af0ae5548d5ab8e7335555371aa.jpeg
https://sketchfab.com/3d-models/archaeopteryx-skull-f6da1b0c1d624368ae4f715fa361eec4,https://media.sketchfab.com/models/f6da1b0c1d624368ae4f715fa361eec4/thumbnails/af84f6431446420a88765ea00190dbe1/09bf0a282b0c4665a372bac3553ff3e9.jpeg
https://sketchfab.com/3d-models/gorgosaurus-skull-low-poly-d3731fa16e834c059fbf7196489c775d,https://media.sketchfab.com/models/d3731fa16e834c059fbf7196489c775d/thumbnails/3ca433abe4254c1d9177181ec581ab4d/9847318284ca4a0ba234bdc5f8ab3433.jpeg
https://sketchfab.com/3d-models/ammonite-untextured-5f14de7576314a87999f475022c2c025,https://media.sketchfab.com/models/5f14de7576314a87999f475022c2c025/thumbnails/a3970c0f725345e9b709c3d3c3317bdf/d486e4e4cf0948439f7191f5f820ae3d.jpeg
https://sketchfab.com/3d-models/stegoceras-skull-99886a67954e42eaa0088e01055072e7,https://media.sketchfab.com/models/99886a67954e42eaa0088e01055072e7/thumbnails/2782f59add5e434699bc2615c2070814/086f9a15d6ed4c71a943d7eeaace8c26.jpeg
https://sketchfab.com/3d-models/edmontosaurus-vertebral-disc-3d-scan-bdd27d01a85644908467412352d5a065,https://media.sketchfab.com/models/bdd27d01a85644908467412352d5a065/thumbnails/34e22b964052400494c309a56428a11b/87f056ee7c6a449bbae7d8c4b38c2435.jpeg
https://sketchfab.com/3d-models/dinosaur-bone-2-6f8318a2d69949afbbd405b5067d558e,https://media.sketchfab.com/models/6f8318a2d69949afbbd405b5067d558e/thumbnails/d70fb35719dc41a1a077327221b89bfd/2cf953bbb42b4f7b8cbeacfd9527954b.jpeg
https://sketchfab.com/3d-models/casts-of-dinosaur-swim-tracks-abcce6420758415181f6c297216a3de4,https://media.sketchfab.com/models/abcce6420758415181f6c297216a3de4/thumbnails/ec90868ab31d499b93230ab0709ca1c8/e57b0aa0bca84cc69dc804baadf617e8.jpeg
https://sketchfab.com/3d-models/spinosaur-skull-oxalaia-quilombensis-e2751e3a936f4d60a991a5777a70d5c0,https://media.sketchfab.com/models/e2751e3a936f4d60a991a5777a70d5c0/thumbnails/223f8e1e028246288e99ee871126cd3b/0d68644699de44729a3d0bfe5b8ab3e7.jpeg
https://sketchfab.com/3d-models/animated-spinosaurus-5093053b60e64befbb53f5d6fe1dfd79,https://media.sketchfab.com/models/5093053b60e64befbb53f5d6fe1dfd79/thumbnails/0e7a559f690944a49aeae91c137f9d05/bb28b4fbb19b4fb79410f170384bd483.jpeg
https://sketchfab.com/3d-models/umnhvp28348-reconstructed-frontals-dea5bd8b0ee94f458a77f19ad816156e,https://media.sketchfab.com/models/dea5bd8b0ee94f458a77f19ad816156e/thumbnails/6717d6ad8c994e0da8a1544422eae4a5/9ca97d8556bb4dfeabc665c4ac09995f.jpeg
https://sketchfab.com/3d-models/vertebrate-hadrosaur-toe-bone-pri-42981-ee0f7481b0ff43afb3ef94f515c83360,https://media.sketchfab.com/models/ee0f7481b0ff43afb3ef94f515c83360/thumbnails/85ab242acb0847038b3d364e44d205c1/e0a91809ac0247c79bd6bb519a34ae87.jpeg
https://sketchfab.com/3d-models/coelophysis-bauri-8ff7660b4abd4822bd51e61dcd09de0c,https://media.sketchfab.com/models/8ff7660b4abd4822bd51e61dcd09de0c/thumbnails/86d99529e69241bd8f89c4f9ba83b7bd/35caf64786574a92aef2ac0587a1711c.jpeg
https://sketchfab.com/3d-models/triopticus-annotated-partial-skull-b5fa0e6399d54223915a5587ee69b760,https://media.sketchfab.com/models/b5fa0e6399d54223915a5587ee69b760/thumbnails/e8429b7e112f457ea65f0cb628cfdd29/640x360.jpeg
https://sketchfab.com/3d-models/byronosaurus-jaffei-164e49e592c940898537b8ef5ed3e152,https://media.sketchfab.com/models/164e49e592c940898537b8ef5ed3e152/thumbnails/092a22fad40c47a4817e213fa03d125b/75178e7bd1324605b8d305059fe87290.jpeg
https://sketchfab.com/3d-models/balloonosaurus-rex-by-tina-gagliardo-fce04f258817445ca89893c829084562,https://media.sketchfab.com/models/fce04f258817445ca89893c829084562/thumbnails/ad1905f23c24442eac504a305eca0809/afabca5239c84b5f965311030d9db07e.jpeg
https://sketchfab.com/3d-models/theropod-footprint-3e4541927c444a2e820c9cde01858ace,https://media.sketchfab.com/models/3e4541927c444a2e820c9cde01858ace/thumbnails/4e9b357f62af454298e61d5c99d79a78/640x360.jpeg
https://sketchfab.com/3d-models/edmontosaurus-toe-bone-3d-scan-0256b77d61014c7ab61321c14ab7f6b4,https://media.sketchfab.com/models/0256b77d61014c7ab61321c14ab7f6b4/thumbnails/4e5c499faf1940a2875108286ba3d07e/e1a01c554d634b35a6a95ac0f61faf9b.jpeg
https://sketchfab.com/3d-models/t-rex-skull-ea2031e00c224084b64c20f458f1331c,https://media.sketchfab.com/models/ea2031e00c224084b64c20f458f1331c/thumbnails/9f581a54f47f4c85b594dedc2d6332b5/0efbe899e3cf461e9467a4e3fb943ba4.jpeg
https://sketchfab.com/3d-models/pachycephalosaurus-cranium-cast-3d-scan-8115260c999d4b3e9e84e441136cd12e,https://media.sketchfab.com/models/8115260c999d4b3e9e84e441136cd12e/thumbnails/6072700aed9f4111a7cbb78090ac6fdf/a359d96860d84954928da96ea249d8bf.jpeg
https://sketchfab.com/3d-models/triopticus-partial-skull-brain-endocast-1e9886c651cf42dfb83a2aaa9d99998b,https://media.sketchfab.com/models/1e9886c651cf42dfb83a2aaa9d99998b/thumbnails/6b327fd2c49444fd9356f79368b6dcac/640x360.jpeg
https://sketchfab.com/3d-models/chm-pv6819-appalachiosaurus-phalanx-9228f40558b54a03835065d685bbd455,https://media.sketchfab.com/models/9228f40558b54a03835065d685bbd455/thumbnails/bab1ba6efbe043c08387a3a120830340/9a12b7847d9b4f69851992e01e28816f.jpeg
https://sketchfab.com/3d-models/cretaceous-sedimentary-structure-002-e81bdc359c7f42c1899260deefae7e5e,https://media.sketchfab.com/models/e81bdc359c7f42c1899260deefae7e5e/thumbnails/773874e6ece8463abbb1f6e3d3ff7c5b/010a97a490764eaa8bd4ee79b6cd06ed.jpeg
https://sketchfab.com/3d-models/argentinasaurus-3d76c4380d104e6fa4756aa82cebcc0e,https://media.sketchfab.com/models/3d76c4380d104e6fa4756aa82cebcc0e/thumbnails/734839bd46ff4a91b9afe1d56a25456d/7466841d78794c239e188e996315ade6.jpeg
https://sketchfab.com/3d-models/triceratops-d2daadca80874c00a2803fabca9b46ae,https://media.sketchfab.com/models/d2daadca80874c00a2803fabca9b46ae/thumbnails/2f1f77aa2b4440499380059bd4caad21/219edce8024c4fbd95a6ff0a473ff43f.jpeg
https://sketchfab.com/3d-models/gorgosaurus-skull-0ab1ad76fa2148819328771d0f206ac4,https://media.sketchfab.com/models/0ab1ad76fa2148819328771d0f206ac4/thumbnails/249429ddaebf484e8b13a982c69baf89/c1eb684d34c1440db7105b82aac0763e.jpeg
https://sketchfab.com/3d-models/young-maiasaura-skull-b8c1443629364d19a7c454efd3af47fa,https://media.sketchfab.com/models/b8c1443629364d19a7c454efd3af47fa/thumbnails/326ae437de82445bbae5e0ac726df2e7/4ff4c743cbb94b04a7ffff437d59345b.jpeg
https://sketchfab.com/3d-models/coelodus-sp-prearticular-also-allkapocs-9390e88c7212448ea5055bbe8238b13d,https://media.sketchfab.com/models/9390e88c7212448ea5055bbe8238b13d/thumbnails/4dac0904852b4ec1b34db78552340d86/72e931f630254415a8d5c375d5758154.jpeg
https://sketchfab.com/3d-models/quetzalcoatlus-c40bccc49de8456084be7ca568703419,https://media.sketchfab.com/models/c40bccc49de8456084be7ca568703419/thumbnails/75692fb327e2415f8820964c326b2871/deb8530e5a384f8a86cff1fd3378f578.jpeg
https://sketchfab.com/3d-models/pteranodon-skeleton-0b5fb9639d5243ab90b3bc554ca4d094,https://media.sketchfab.com/models/0b5fb9639d5243ab90b3bc554ca4d094/thumbnails/5552a08cc4834185b6e9bcbcb02abb17/e0986063af854004bad363415fa12665.jpeg
https://sketchfab.com/3d-models/t-rex-phalange-3d-scan-06bb5faa7e534c3c85dcd2b2f3bb7755,https://media.sketchfab.com/models/06bb5faa7e534c3c85dcd2b2f3bb7755/thumbnails/8e9948d1b01848b49c4f6686aa87382f/a344c342d5d147fdbdf77ca84e11e72e.jpeg
https://sketchfab.com/3d-models/eustreptospondylus-df4b073566824978af26a78565241613,https://media.sketchfab.com/models/df4b073566824978af26a78565241613/thumbnails/01b15feeca8145adb813454f7a19b919/665854805a8b410dbaf6529d35080d05.jpeg
https://sketchfab.com/3d-models/brachiosaurus-skull-replica-14-3ec6cfd30c394512b7a7034cf40af6ed,https://media.sketchfab.com/models/3ec6cfd30c394512b7a7034cf40af6ed/thumbnails/354ba9c7d0734425abe5dfce4af8ccb1/120c2db199ea4e5cbfe5e4cb2119d7ce.jpeg
https://sketchfab.com/3d-models/wsc21571-megalonyx-jeffersoni-mandible-ac8bdf82ceaa467f9407301708bf3697,https://media.sketchfab.com/models/ac8bdf82ceaa467f9407301708bf3697/thumbnails/7636e74a951645b2acd3e5e2eb04be9d/b4fb17e6f7a84b71ad69bdcb97d523d8.jpeg
https://sketchfab.com/3d-models/plesiosaur-vertebra-from-new-zealand-b7ea650cc2f34177af9cce5ad9a442b5,https://media.sketchfab.com/models/b7ea650cc2f34177af9cce5ad9a442b5/thumbnails/fd545057e7fc48dcbb00c46dac0c21ae/541e2cb9092f4dd6a54fccf14a375a56.jpeg
https://sketchfab.com/3d-models/wsc10058-quadrate-a0da8bc3d1ff40e99819a68aa2877ade,https://media.sketchfab.com/models/a0da8bc3d1ff40e99819a68aa2877ade/thumbnails/89b8ec7c6ed34352837c1f1c27a47b24/e3204bd97bc645beb08b9c52a85c5678.jpeg
https://sketchfab.com/3d-models/neovenator-9b78356ba2e1459f9a5b8ceb3be3fb94,https://media.sketchfab.com/models/9b78356ba2e1459f9a5b8ceb3be3fb94/thumbnails/d8d97ea02bb34e98bff81433539167a9/0c4fbe090e8a443fab4befa86a4ca108.jpeg
https://sketchfab.com/3d-models/ichthyosaur-dffbc77b634a408f91dd5f68df4cc94f,https://media.sketchfab.com/models/dffbc77b634a408f91dd5f68df4cc94f/thumbnails/e401cf66b7484c36be00efe4bda25441/67d79394c90c4ee2a56daea95b4d6813.jpeg
https://sketchfab.com/3d-models/3dfoin-raptor-02-bcf2ce39b9a3418fb8c43c0cda83dd51,https://media.sketchfab.com/models/bcf2ce39b9a3418fb8c43c0cda83dd51/thumbnails/837b0cc7b7f24bbcbe7898d5771502ba/523d729c632649988f4c0a6bfb6558cc.jpeg
https://sketchfab.com/3d-models/triceratops-juvenile-skull-c978de98983b4f71866ce0747c5874f6,https://media.sketchfab.com/models/c978de98983b4f71866ce0747c5874f6/thumbnails/3ba448cccd3c4dec8b579ce8d1b37a81/009379b3c7ec4750ba5895be824d09e1.jpeg
https://sketchfab.com/3d-models/ammonite-1-8m-290c94f1bb394656b3970972d94c52fb,https://media.sketchfab.com/models/290c94f1bb394656b3970972d94c52fb/thumbnails/e537d2a389dc467c886b43f22a4e0208/72b4b955c1bc418eaa6b75c25f6ddf71.jpeg
https://sketchfab.com/3d-models/dinosaure-iguanodon-sp-0b2bf8bf69004589a59dbf752d2243ee,https://media.sketchfab.com/models/0b2bf8bf69004589a59dbf752d2243ee/thumbnails/6fcdd9e6837e429ab10e8212304242d5/2b3ad7d23ed6411ea5a5e2bff885e9ce.jpeg
https://sketchfab.com/3d-models/vertebrate-feather-pri-d0abbaa66a204d69b5a3facecd1c4cd6,https://media.sketchfab.com/models/d0abbaa66a204d69b5a3facecd1c4cd6/thumbnails/92b2b3a434ee4cc2bd88037a0f089f10/202ce2034c19430b975a01fd054d53b9.jpeg
https://sketchfab.com/3d-models/adult-fossilized-triceratops-15faede7884c4c019ddc1ba74339864c,https://media.sketchfab.com/models/15faede7884c4c019ddc1ba74339864c/thumbnails/cfe4ba78f0794f39869a2adf08f64471/764a7c2e79364421a9f8010de13622a7.jpeg
https://sketchfab.com/3d-models/uw44063-stegosaurus-sp-tail-spike-74287fb19b554b1498b7ebba86650826,https://media.sketchfab.com/models/74287fb19b554b1498b7ebba86650826/thumbnails/fda5db3279884f358ad29588b45dc451/b3f779bc0591425e80a0bfda593509c8.jpeg
https://sketchfab.com/3d-models/spinosaur-partial-chevron-cad3891d135e4796a9397bdf229203b0,https://media.sketchfab.com/models/cad3891d135e4796a9397bdf229203b0/thumbnails/659758a15d604b1f9d21fd8d5f2be2a7/f76688bf6bc049b78a75b7d6c9118d90.jpeg
https://sketchfab.com/3d-models/sculptjanuary18-day-21-ancient-33ca10b5294648c4869a5b9154bc6417,https://media.sketchfab.com/models/33ca10b5294648c4869a5b9154bc6417/thumbnails/93a279bf28e045e9807e33632ef7c358/cd9a069a8ea7497f9ebd86c24d415e54.jpeg
https://sketchfab.com/3d-models/t-rex-skull-display-5c8dcfc9c455465682441958e672b20f,https://media.sketchfab.com/models/5c8dcfc9c455465682441958e672b20f/thumbnails/7bb806e4f82d4bc9a1301f1826bbb64d/8cc7d0898c9d486c96ad6dc97bcef91a.jpeg
https://sketchfab.com/3d-models/edmontosaurus-vertebrae-3d-scan-951b4edc093d4719bc09961e920e311c,https://media.sketchfab.com/models/951b4edc093d4719bc09961e920e311c/thumbnails/8069433dd24b43729cff738e96842035/1a6bf70d851a495086188adf6b018db3.jpeg
https://sketchfab.com/3d-models/p2082321-ichnite-f2bf069de2be449b8b5732477bd8cb5a,https://media.sketchfab.com/models/f2bf069de2be449b8b5732477bd8cb5a/thumbnails/bf61ec7908624f549112b7bf04a90e1e/46e815fc60e1409ab75b649bcad8ef84.jpeg
https://sketchfab.com/3d-models/t-rex-skull-2da47301b21d4e1f9236eaddfcf4a725,https://media.sketchfab.com/models/2da47301b21d4e1f9236eaddfcf4a725/thumbnails/c9d508b736644cb89e331599202689d3/3b6b1fe1aeb645b594b0b60d3dff3f5a.jpeg
https://sketchfab.com/3d-models/tsaagan-mangas-985cacdd27344ceab076d37d19751203,https://media.sketchfab.com/models/985cacdd27344ceab076d37d19751203/thumbnails/1230a3c17e2143e089a932bd95203d99/9c5f101b00f44f4ea79bd6624cccebd1.jpeg
https://sketchfab.com/3d-models/qianzhousaurus-897d4f2184e74edda15d3c91b2ffdc46,https://media.sketchfab.com/models/897d4f2184e74edda15d3c91b2ffdc46/thumbnails/d5f11edea7fc4000906c9d8c9a7d5244/626125a1a8db45a1b28e7b3ecc932bda.jpeg
https://sketchfab.com/3d-models/therizinosaur-footprint-49b524146c9d4e138785292f34e3c685,https://media.sketchfab.com/models/49b524146c9d4e138785292f34e3c685/thumbnails/b4c56685e73a404e84f7303cf8c7deca/640x360.jpeg
https://sketchfab.com/3d-models/amurosaurus-riabinini-skull-2f45d80bc2bd4267bb9762c5c58eb4ba,https://media.sketchfab.com/models/2f45d80bc2bd4267bb9762c5c58eb4ba/thumbnails/52eb0d98196e4374bd0a7d9a18bd705b/a922eaca10ed426f9af667b9a2516359.jpeg
https://sketchfab.com/3d-models/tyrannosaurus-triceratop-skeleton-b7766ae9a1694c6dbca90dc645b1fef1,https://media.sketchfab.com/models/b7766ae9a1694c6dbca90dc645b1fef1/thumbnails/efb4bb39ef4f4527810e03ea4e5f60ff/f1645b261dd940bca5cc403565358b10.jpeg
https://sketchfab.com/3d-models/umnhvp28348-left-frontal-7667c4604e69478fb58ccd6174a43352,https://media.sketchfab.com/models/7667c4604e69478fb58ccd6174a43352/thumbnails/cb56678bdbf44286b7d880a2f1c2b08f/ff5965601cb2405a9979f44f39108a12.jpeg
https://sketchfab.com/3d-models/dinosaur-footprint-from-hanover-point-iow-uk-e135fa91149146baa6c282fe42040a1a,https://media.sketchfab.com/models/e135fa91149146baa6c282fe42040a1a/thumbnails/9bdc12afed1f4430be94ca521634fa48/1c9ee894c04d4fa9af2028b68bb4f17a.jpeg
https://sketchfab.com/3d-models/t-rex-skeleton-stl-for-3d-print-ce0c3cdce6374288acdf1a0be1ed37f1,https://media.sketchfab.com/models/ce0c3cdce6374288acdf1a0be1ed37f1/thumbnails/f10701462d1d4914ba022a59d15379ad/675315704aa64cfbbb1f6db0f9609ded.jpeg
https://sketchfab.com/3d-models/irritator-9796619f90d14553b77678bc44f761a4,https://media.sketchfab.com/models/9796619f90d14553b77678bc44f761a4/thumbnails/9be40830deea4feb952ee35c28a208ec/e719ebcdc0324f55b5717185d8e0497c.jpeg
https://sketchfab.com/3d-models/p2082322-ichnite-66b10be83b1944ba9512f32a02afd8da,https://media.sketchfab.com/models/66b10be83b1944ba9512f32a02afd8da/thumbnails/cad4affb107f4d34b9f1276176f1e035/53a5687521c64dd89fcb88d491cbb12c.jpeg
https://sketchfab.com/3d-models/saurornitholesthes-tooth-bb9a0686219f48afb6b0aff71c7a0e59,https://media.sketchfab.com/models/bb9a0686219f48afb6b0aff71c7a0e59/thumbnails/8abe639ce99a405e9a1e68456baf5f5c/9db892d2cc444193844a1be1f431d927.jpeg
https://sketchfab.com/3d-models/wsc10058-braincase-cfa4d4bbecd84031b6194e56e13ddc61,https://media.sketchfab.com/models/cfa4d4bbecd84031b6194e56e13ddc61/thumbnails/ae1b332d397248baa8e48ca57d2d3a2f/939a6251941746a789904cd113f962fc.jpeg
https://sketchfab.com/3d-models/tarbosaurus-80a026139fd048d5b0e2099b7e0ad3bc,https://media.sketchfab.com/models/80a026139fd048d5b0e2099b7e0ad3bc/thumbnails/9118ec35fde14f9f82f9c0e7b36c6f50/6ffe06fd20a746cb929480cee09de8af.jpeg
https://sketchfab.com/3d-models/iguanodon-tooth-a976afa8c232474e89f7fda109219bef,https://media.sketchfab.com/models/a976afa8c232474e89f7fda109219bef/thumbnails/91a6467b24d9474199849a10829e3246/19115409019f4d21a5b37f28bd650e46.jpeg
https://sketchfab.com/3d-models/velocizolt-cc8de99e2258471283b89cba1bb67013,https://media.sketchfab.com/models/cc8de99e2258471283b89cba1bb67013/thumbnails/5180259f0e114cf18bace42b1c4cae5c/ea8c32ce90084b8aa1bc7f1ca183b48b.jpeg
https://sketchfab.com/3d-models/lambeosaurine-hadrosaur-jaw-42fa91603ede42d0b7371a4d6e78e965,https://media.sketchfab.com/models/42fa91603ede42d0b7371a4d6e78e965/thumbnails/7a3db0b1fe704c33bee2d9dc9f2c1581/6ed577b0f3d14679b1740ac30e040796.jpeg
https://sketchfab.com/3d-models/allosaurus-7a0ec1ba8f25436ea3e9f290bf1dcbc2,https://media.sketchfab.com/models/7a0ec1ba8f25436ea3e9f290bf1dcbc2/thumbnails/a9567969bd444251b868d7b7e964c2b4/30588be76d96412e8010a2ac4278a936.jpeg
https://sketchfab.com/3d-models/spinosaur-vertebra-restored-eaca4aef84884127ad6cadc4d0f9fbb2,https://media.sketchfab.com/models/eaca4aef84884127ad6cadc4d0f9fbb2/thumbnails/6be0fa805c564ca0bf7264f328a83559/5844574e81e741bf8327d18510fed632.jpeg
https://sketchfab.com/3d-models/tyrannosaurus-rex-f91c4287262b488ca7a835498fbdf97c,https://media.sketchfab.com/models/f91c4287262b488ca7a835498fbdf97c/thumbnails/a718f39558f24f64bda1072582f22599/ed23306c0727475b824b587d35a1338a.jpeg
https://sketchfab.com/3d-models/maip-macrothorax-32c114dc792d4ad0bf5116330c4814d5,https://media.sketchfab.com/models/32c114dc792d4ad0bf5116330c4814d5/thumbnails/f7f50df363464bda9d060246b2051d17/d8d96e9547134375822c6c08c4e4c2d4.jpeg
https://sketchfab.com/3d-models/spinosaurus-e5726faf8c0c494782c9e8261fca7043,https://media.sketchfab.com/models/e5726faf8c0c494782c9e8261fca7043/thumbnails/17fbe21598054288b7d15b6ef073fae1/57b9deb7f3384d5c81bda8baf4cb47ba.jpeg
https://sketchfab.com/3d-models/vertebrate-grallator-footprint-pri-49745-3919e764adba4eb8bceed24c260e974e,https://media.sketchfab.com/models/3919e764adba4eb8bceed24c260e974e/thumbnails/65851ee011f141d5b97b095f6c94d9c0/75cf0a578b2f4780b443616582ef430d.jpeg
https://sketchfab.com/3d-models/uw15561-edmontosaurus-copei-tendons-and-spine-d4a26baf40724504981e07b81b55489b,https://media.sketchfab.com/models/d4a26baf40724504981e07b81b55489b/thumbnails/42bca9d5e11549dbbf573ad29c839b3f/42ca4d1706b042eaa7b864ac2fd390f3.jpeg
https://sketchfab.com/3d-models/styracosaurus-29d9a22efacc47de9111c6f052f4524b,https://media.sketchfab.com/models/29d9a22efacc47de9111c6f052f4524b/thumbnails/4202115ee94c4110814e9520cd7dc0ba/6d8fe9c2f10948caac3450bb1fcbfd0b.jpeg
https://sketchfab.com/3d-models/mosasaur-vertebra-b7b91da5395d4a49a02b4bcc301b5645,https://media.sketchfab.com/models/b7b91da5395d4a49a02b4bcc301b5645/thumbnails/d2d5a7d0c8b04248a76f522e4c424106/6c72ade86d47485c83c0ed3ae2b85e9c.jpeg
https://sketchfab.com/3d-models/dunkleosteus-f4e22921a5984c59a4b74cba21686023,https://media.sketchfab.com/models/f4e22921a5984c59a4b74cba21686023/thumbnails/c6e5ae26b80640dfa90d4eee8179cb78/5b50321566de47d4be32f81a63fb1082.jpeg
https://sketchfab.com/3d-models/stegosaurus-second-brain-81a1972c87184a54bed95b285e805e9c,https://media.sketchfab.com/models/81a1972c87184a54bed95b285e805e9c/thumbnails/cadec4e052704e799f71de7f9d7c966f/ab304023fa5a458b9e03ae63b41656d4.jpeg
https://sketchfab.com/3d-models/ankylosaurus-d1c0d08fb44a4c24834c35efe71defe3,https://media.sketchfab.com/models/d1c0d08fb44a4c24834c35efe71defe3/thumbnails/7c8d638b74ad4033ba7cf74263c032e3/748322555e8c49a299b6e273a6609c29.jpeg
https://sketchfab.com/3d-models/3d-foin-tyranosaurus-rex-aa5a20c0bb3d45b99bbcedad8c6c17d5,https://media.sketchfab.com/models/aa5a20c0bb3d45b99bbcedad8c6c17d5/thumbnails/963dc028c4074d869ef09a0ee83ffa08/0c0ae5088d4e4fc9886675b9696857ff.jpeg
https://sketchfab.com/3d-models/tyrannosaurus-skeleton-5663f050e5df44bebef7065d8ca48cd4,https://media.sketchfab.com/models/5663f050e5df44bebef7065d8ca48cd4/thumbnails/7cd972fd618d415195e0696b7cdd7672/a8e86112a6ea430bb94cce8fea61f7ae.jpeg
https://sketchfab.com/3d-models/tyrannosaurus-rex-tooth-158025d8582c49939623fdf3c1425eaa,https://media.sketchfab.com/models/158025d8582c49939623fdf3c1425eaa/thumbnails/dbe6f97ae0554d6f84969c2fee75ed10/4af50aeb940447268de65c16b29deeb8.jpeg
https://sketchfab.com/3d-models/cretaceous-sedimentary-structure-001-8381b060f1094fa2a00f2b1524640c72,https://media.sketchfab.com/models/8381b060f1094fa2a00f2b1524640c72/thumbnails/e3348cb1c24a4892b3d528d1f66fadd1/541857ae457d4b85adcfa9cc8fc08907.jpeg
https://sketchfab.com/3d-models/t-rex-the-king-of-beasts-es2802-model-1910ba6ed2f04644b384e963b1cc4ceb,https://media.sketchfab.com/models/1910ba6ed2f04644b384e963b1cc4ceb/thumbnails/b41ecf14127b42678269d1c95f5c70d0/a966803518fa4da9a296f24e5f7018c1.jpeg
https://sketchfab.com/3d-models/spinosaurus-caudal-vertebra-restored-f188e6daf8dc412f9523ecbb1be68889,https://media.sketchfab.com/models/f188e6daf8dc412f9523ecbb1be68889/thumbnails/5e608e84d5294905be23b1d70371ac76/a0e451c7ccc54451b451c7ffc5a95e95.jpeg
https://sketchfab.com/3d-models/mosasaurus-abdab5bcdd124364aeca069a594baf38,https://media.sketchfab.com/models/abdab5bcdd124364aeca069a594baf38/thumbnails/5c466bb33a0849b694c879158986f50b/96604522ab004626b63e5f7139186438.jpeg
https://sketchfab.com/3d-models/cretaceous-sedimentary-structure-003-fdbf7b6f683644408b026f6fcc81d19a,https://media.sketchfab.com/models/fdbf7b6f683644408b026f6fcc81d19a/thumbnails/ee313e2c6edd4ae68be32079662ebd97/241380d070784bc195b8c21b0493767c.jpeg
https://sketchfab.com/3d-models/pyroraptor-killing-claw-81d168a5292b49f28402cb0a103ba807,https://media.sketchfab.com/models/81d168a5292b49f28402cb0a103ba807/thumbnails/c5b12bb3044a42cda0bdc1921376f4a7/3382161004434007a98a8fbe0886c7bd.jpeg
https://sketchfab.com/3d-models/spinosaur-chevron-00b7a8cbc7274bfa8c2acc2db14bdcad,https://media.sketchfab.com/models/00b7a8cbc7274bfa8c2acc2db14bdcad/thumbnails/af4e0da471784ae0b185f81b6a5e124c/ccb75df47d9f452d97ba4650e9f0a7d8.jpeg
https://sketchfab.com/3d-models/micro-ctscan-recon-of-bipedal-lizard-in-amber-1ba4d718476a4d2fa5c9b4ed524232fe,https://media.sketchfab.com/models/1ba4d718476a4d2fa5c9b4ed524232fe/thumbnails/738b3072c833411f9669aae7b369bb93/9e5491f4ed8642c4a955d25adec8df7d.jpeg
https://sketchfab.com/3d-models/tail-vertebrae-0d45ce4cebde427eafa919ef22380407,https://media.sketchfab.com/models/0d45ce4cebde427eafa919ef22380407/thumbnails/b7d63b00491241e880b42d5d76c998bd/4f7ae5e610ea4cf6820d653c9ec5c4d3.jpeg
https://sketchfab.com/3d-models/uw1093-titanoides-primaevus-maxilla-afb588bc7ad4441b9a52d2b266cb2dbe,https://media.sketchfab.com/models/afb588bc7ad4441b9a52d2b266cb2dbe/thumbnails/ce0967bdc8a24a28997edf19e4bf3a20/3be4b391b3f744dea247cdfcd2b2f867.jpeg
https://sketchfab.com/3d-models/uw11562-heptasuchus-clarki-skull-32b26fb7b1e34904ac4b1983afc58ab8,https://media.sketchfab.com/models/32b26fb7b1e34904ac4b1983afc58ab8/thumbnails/7bfdc13eb5da4c369c5c0c86405a5801/30180f32246b4759a51b41b4da8f7174.jpeg
https://sketchfab.com/3d-models/umnhvp28348-dynamoterror-dynastes-right-frontal-b5b92238607b4dc4a8c0e64301cb2b0c,https://media.sketchfab.com/models/b5b92238607b4dc4a8c0e64301cb2b0c/thumbnails/7b2f5bc915e445828b3e11c5f494ca18/78ee5f40e52e4e14bc10d6ff8dadfb03.jpeg
https://sketchfab.com/3d-models/triceratops-ribs-1692d83a5b1d43fbb98c754e5384e872,https://media.sketchfab.com/models/1692d83a5b1d43fbb98c754e5384e872/thumbnails/400227449a394a2daa681ae9fa5dc049/d5e5561211354f379770bfca5e27ebbc.jpeg
https://sketchfab.com/3d-models/unidentified-thescelosaur-bone-29d9a02fe7bc4466a40ad2bcac2e75cd,https://media.sketchfab.com/models/29d9a02fe7bc4466a40ad2bcac2e75cd/thumbnails/310ce9db777f4156924dcbfe70b782da/720x405.jpeg
https://sketchfab.com/3d-models/ichthyosaur-bones-found-on-svalbard-5d92f61cbd1d496d99802105a557759d,https://media.sketchfab.com/models/5d92f61cbd1d496d99802105a557759d/thumbnails/092e951607294cddad6f272d8ab175b5/f68b94822f3e4aceb50550f57ddd00c9.jpeg
https://sketchfab.com/3d-models/keates-quarry-sauropod-prints-6defd2166b384052a80df7de1d464ba1,https://media.sketchfab.com/models/6defd2166b384052a80df7de1d464ba1/thumbnails/c2f62dcdf4f24b638740f361e0cd8c45/720x405.jpeg
https://sketchfab.com/3d-models/hadrosaur-femur-0d3387d4c45d49d1ac23d0d2a53a3e37,https://media.sketchfab.com/models/0d3387d4c45d49d1ac23d0d2a53a3e37/thumbnails/0916dad75c0c41a1bcc104f3f2e67b04/3a4377bb91ac41babd5028c5d06f0e96.jpeg
https://sketchfab.com/3d-models/spinosaur-cervical-vertebra-b77de633e0a3428fbb5c645628d96b22,https://media.sketchfab.com/models/b77de633e0a3428fbb5c645628d96b22/thumbnails/a89608cdf7f4427eb688376e521e24b4/5fdaf718445c4b898f0774bdee48540a.jpeg
https://sketchfab.com/3d-models/thescelosaur-right-exoccipital-ca641114e632455fb8836a439cc53070,https://media.sketchfab.com/models/ca641114e632455fb8836a439cc53070/thumbnails/f32039058c5e424cb51ae090702ddfdd/720x405.jpeg
https://sketchfab.com/3d-models/spinosaur-caudal-vertebra-90af8033ffd348fe83b4338b70cd39be,https://media.sketchfab.com/models/90af8033ffd348fe83b4338b70cd39be/thumbnails/e7292ff4b1934800b5071993709bbcfe/210870a1ec17413bb98b50c23d2e110c.jpeg
https://sketchfab.com/3d-models/pbr-t-rex-skeleton-d775cc4b04be44f9969d020c9cf1a6cb,https://media.sketchfab.com/models/d775cc4b04be44f9969d020c9cf1a6cb/thumbnails/8bac7870a6364428ad8704798a91101f/34ea769c6b74437caab57acef7b4a870.jpeg
https://sketchfab.com/3d-models/uw46805-dinosauria-ribs-with-skin-55ff5271d9034fc391cb9d562ffd46d7,https://media.sketchfab.com/models/55ff5271d9034fc391cb9d562ffd46d7/thumbnails/4da68539081e4056a4bb98bb807e9177/633fab1d0cac467ea897007d873c8b6c.jpeg
https://sketchfab.com/3d-models/spinosaurus-409557ba95c34cfd844819930d24fc2c,https://media.sketchfab.com/models/409557ba95c34cfd844819930d24fc2c/thumbnails/47d66f1f909c433f8cd1284cb191ec1f/12b425429060491599f47893a6b07700.jpeg
https://sketchfab.com/3d-models/theropod-toe-bone-92855f7891cc43b280d8acf5e9df70c6,https://media.sketchfab.com/models/92855f7891cc43b280d8acf5e9df70c6/thumbnails/f029efae97cb4d14bfc7abfd866e8b8a/c37cb10124db4b80a58630433b6bbd04.jpeg
https://sketchfab.com/3d-models/dino-skull-6b8abb3dcb0f4d5893944217cf4c7212,https://media.sketchfab.com/models/6b8abb3dcb0f4d5893944217cf4c7212/thumbnails/3a0a5d7bf625490e97153874ec4533a5/7dc447d689384866a0bc3574c26b4f00.jpeg
https://sketchfab.com/3d-models/uw3222-stegosaurus-sp-dorsal-plate-cast-87ca4a657ed641019ec76a592e59b710,https://media.sketchfab.com/models/87ca4a657ed641019ec76a592e59b710/thumbnails/db5cad947f824a4a8a95c028549e5436/2d6f0b4c261e45fc8da908ba02e9241b.jpeg
https://sketchfab.com/3d-models/carnotaurus-d3cf7ce5b212441f8281883bc8461980,https://media.sketchfab.com/models/d3cf7ce5b212441f8281883bc8461980/thumbnails/b0b73cb429f84948b252162f444d3aa7/d906328085414cea9a5cfe4e1f1af5f8.jpeg
https://sketchfab.com/3d-models/edmontosaurus-partial-maxilla-8626123ba4ca4847a42644dacf4a318a,https://media.sketchfab.com/models/8626123ba4ca4847a42644dacf4a318a/thumbnails/b2e3b2a313f44facb30a4b9ddfc922c2/8a83af8a9680469387bb5df10047c964.jpeg
https://sketchfab.com/3d-models/styracosaurus-085ce31966a44200b03ff87f0a172e5a,https://media.sketchfab.com/models/085ce31966a44200b03ff87f0a172e5a/thumbnails/63fc89b9261c4e5ea6e7854dd4415176/49f0fd9617314dde8e32d2cd5ed7177d.jpeg
https://sketchfab.com/3d-models/spinosaur-caudal-vertebra-04826266342b410f8b8c24016cc566ff,https://media.sketchfab.com/models/04826266342b410f8b8c24016cc566ff/thumbnails/46da1da2d44143e689016ec0140cc6bb/43dc3b0afb0440d4b1da3b2da6eb5e9d.jpeg
https://sketchfab.com/3d-models/edmontosaurus-jaw-fragment-3c7cee8c9cf24e68b7db2a63a584f36f,https://media.sketchfab.com/models/3c7cee8c9cf24e68b7db2a63a584f36f/thumbnails/b427bde24d8f48cb964fc13b1e5adce1/9709fcd65afe4803920b207a7de7658e.jpeg
https://sketchfab.com/3d-models/stegosaurus-3d-model-f068cf433e03419398668c8b1d79a681,https://media.sketchfab.com/models/f068cf433e03419398668c8b1d79a681/thumbnails/9e5559d79f1a402bac3b356f68b2295a/053ee69ce0614934ae5c804bcfa315ce.jpeg
https://sketchfab.com/3d-models/spinosaurus-cervical-vertebra-0769d53b3937445a9086bd8d94a40314,https://media.sketchfab.com/models/0769d53b3937445a9086bd8d94a40314/thumbnails/acf8c0ddd3fc48ecaf04ef3a3f893923/e2d33f58a9c1498db3c73ee99b18591d.jpeg
https://sketchfab.com/3d-models/hadrosaur-humerus-ada96a719bfa439e8b8828cd69f263e7,https://media.sketchfab.com/models/ada96a719bfa439e8b8828cd69f263e7/thumbnails/21287a2a4d2249dbae3515671bc108a3/55ebbb89cf9b475dafe52fadf15cbf5b.jpeg
https://sketchfab.com/3d-models/uw6110-pachycephalosaurus-wyomingensis-dome-2e97be5068ff4833956306d79cc9ba17,https://media.sketchfab.com/models/2e97be5068ff4833956306d79cc9ba17/thumbnails/7e3445ea27d94d6f83463b03c8819ca1/934af842d5b3478a86df1b79c89da6cd.jpeg
https://sketchfab.com/3d-models/spinosaurus-caudal-vertebra-d8c1c2baba234732ada88afc6a1c0141,https://media.sketchfab.com/models/d8c1c2baba234732ada88afc6a1c0141/thumbnails/9fe691de26af443490c3efd7d9bcbdb6/b2b6b1ac8af7408d8919384ffacf9e81.jpeg
https://sketchfab.com/3d-models/saber-toothed-tiger-cat-ice-age-smilodon-5737f1c39e184a2da1c581b9fab7ec46,https://media.sketchfab.com/models/5737f1c39e184a2da1c581b9fab7ec46/thumbnails/9e1403bbae6847f3be3dd5c9df81c20e/14e5c7d76be94a788151830300a0faca.jpeg
https://sketchfab.com/3d-models/bm-r10001-neovenator-skull-for-personal-dig-pits-001aaad71c0046009e279bc5a3f598b8,https://media.sketchfab.com/models/001aaad71c0046009e279bc5a3f598b8/thumbnails/ab93cb9e93d44e3c90525d646f9025f3/098fc27f015e4be789866cba58a4bd0f.jpeg
https://sketchfab.com/3d-models/edmontosaurus-braincase-f821510f4d404534aba242b3398035f6,https://media.sketchfab.com/models/f821510f4d404534aba242b3398035f6/thumbnails/4c01bdc3bb384e9c92afb605e4e2df26/c0369a231ca84cbe83cde3b666527ab5.jpeg
https://sketchfab.com/3d-models/edmontosaurus-cervical-vertebra-7c75dfb54f6246e1a939939e30f6b0a8,https://media.sketchfab.com/models/7c75dfb54f6246e1a939939e30f6b0a8/thumbnails/a83206117d3b48f79f29921cbaa860f7/c96b6f28526145ad842272caf97c2629.jpeg
https://sketchfab.com/3d-models/uw-50602-aves-right-ulna-7509d53798e44b93ac71a4d9a92c3dad,https://media.sketchfab.com/models/7509d53798e44b93ac71a4d9a92c3dad/thumbnails/a564098d200046e1b59acbab08cf8ea3/4d05b9d56fbf44c79396d4447705cf45.jpeg
https://sketchfab.com/3d-models/spinosaur-tooth-5c6e4bf7e67d40c58575875fd6ad5b72,https://media.sketchfab.com/models/5c6e4bf7e67d40c58575875fd6ad5b72/thumbnails/9983f0de3df6418e98aad8515879ff13/92f70982334f49979b7e8257b7cffcaf.jpeg
https://sketchfab.com/3d-models/super-slasher-raptor-skeleton-in-arizona-58fff6d9dd0945779338360c062e0c46,https://media.sketchfab.com/models/58fff6d9dd0945779338360c062e0c46/thumbnails/958aa9038fe44639af9bffd8c74e5b89/91edbe81057b4cc3a357376c059c7590.jpeg
https://sketchfab.com/3d-models/thescelosaur-ungual-3437e4ce54464f318e48d6d54536c8bb,https://media.sketchfab.com/models/3437e4ce54464f318e48d6d54536c8bb/thumbnails/bbe24ce3b4ca44569a4b94827f7c4d68/720x405.jpeg
https://sketchfab.com/3d-models/cf-sigilmassasaurus-vertebra-centrum-c6397d7400e34e8c80db6fd078b4526f,https://media.sketchfab.com/models/c6397d7400e34e8c80db6fd078b4526f/thumbnails/02f429ac83ce4e6e964103696dadcc15/1fc584a51ec849119bbea336ca538eeb.jpeg
https://sketchfab.com/3d-models/thescelosaur-left-exoccipital-7adee825e89e4201a92ad2620d6c5c3c,https://media.sketchfab.com/models/7adee825e89e4201a92ad2620d6c5c3c/thumbnails/ca7608718b5e419296a75f6fc96199d2/720x405.jpeg
https://sketchfab.com/3d-models/abelisaurid-premaxilla-tooth-0c6e5034f9ad469f8907d8716d4846a0,https://media.sketchfab.com/models/0c6e5034f9ad469f8907d8716d4846a0/thumbnails/d4b9fdfe51ea48cea9400a72a8d79fd7/b1d622e3b347426a8ddfaade1b84c00d.jpeg
https://sketchfab.com/3d-models/moulage-archeopteryx-b32f3255e22d4b80a073e83ca56fd237,https://media.sketchfab.com/models/b32f3255e22d4b80a073e83ca56fd237/thumbnails/f0edf91ff2c74a658a9573a1a2b124d4/2df02cd1bd654b7e87c9c60ce657e876.jpeg
https://sketchfab.com/3d-models/baby-dino-raptor-3a8d881b4ad846c7b284aae34f084b13,https://media.sketchfab.com/models/3a8d881b4ad846c7b284aae34f084b13/thumbnails/afe54501aaa34448ab858e0b199f5443/3dcdc09c9c2c47768531da46083ae836.jpeg
https://sketchfab.com/3d-models/garthu-rex-vs-plasmo-rex-3d72fed5fd38452eadb433b1ce695576,https://media.sketchfab.com/models/3d72fed5fd38452eadb433b1ce695576/thumbnails/ba6a976ce6d941c5a6c9b55833d79d4c/640.jpeg
https://sketchfab.com/3d-models/thescelosaur-frontal-dcc1abfb1dae4ba889b922b2d229a916,https://media.sketchfab.com/models/dcc1abfb1dae4ba889b922b2d229a916/thumbnails/4875aff049b944a7889f398e25e9d57f/720x405.jpeg
https://sketchfab.com/3d-models/hell-creek-triceratops-braincase-0450710dd24c498b8dcec33d0afe1dcd,https://media.sketchfab.com/models/0450710dd24c498b8dcec33d0afe1dcd/thumbnails/2c117ce5be7448a4b44b0e147e15e4af/948d4e1eece940d99d8d623b8aced057.jpeg
https://sketchfab.com/3d-models/uw5162-crocodylia-dermal-scute-f9254fde94044ce7adc5c75b0993f0ae,https://media.sketchfab.com/models/f9254fde94044ce7adc5c75b0993f0ae/thumbnails/73f2b76c339245c4aa8224d6a49fc81f/3bc73dee41aa4a879076e45f0ea260f8.jpeg
https://sketchfab.com/3d-models/spinosaur-shoulder-blade-1359030b1e784b03ae854e01b592588f,https://media.sketchfab.com/models/1359030b1e784b03ae854e01b592588f/thumbnails/7eb951d6370645afb297fd7bc5447e58/7ac48c469e8b400785937435770473ee.jpeg
https://sketchfab.com/3d-models/edmontosaurus-coracoids-184fd222ca2d44db96eda833d5eb2f7e,https://media.sketchfab.com/models/184fd222ca2d44db96eda833d5eb2f7e/thumbnails/33c97cf04271456bb7f895e80d7deb3a/d71ab7efc86e4d37ac0ff0342ba4111d.jpeg
https://sketchfab.com/3d-models/edmontosaurus-pubis-52c17a86af724f849457cff3639ee07c,https://media.sketchfab.com/models/52c17a86af724f849457cff3639ee07c/thumbnails/10d2d65a959a4077b77478630db5e02f/9a60751c909c43efb4762923791f438e.jpeg
https://sketchfab.com/3d-models/scp-1265-a-emela-ntouka-457f5a6b0ff2481183531d8ae35a6888,https://media.sketchfab.com/models/457f5a6b0ff2481183531d8ae35a6888/thumbnails/38958fac48f04872bd7ed1c1f5255bd5/6ba1e43a85b34b87b063cbc6486cda3b.jpeg
https://sketchfab.com/3d-models/thescelosaur-basioccipital-fbe64ae4d6de4556b3cdaa663b62594b,https://media.sketchfab.com/models/fbe64ae4d6de4556b3cdaa663b62594b/thumbnails/75d21d4b6f3646938b7b053e90aa7c44/720x405.jpeg
https://sketchfab.com/3d-models/edmontosaurus-toe-bone-34ef155c389f4b1cadea76cde753a8b2,https://media.sketchfab.com/models/34ef155c389f4b1cadea76cde753a8b2/thumbnails/2671c6a3ba7e40989dea6016c2667fe7/55e4427f6c534ab0ab848d8be09a0442.jpeg
https://sketchfab.com/3d-models/chasmosaurus-skull-bone-with-bites-8f0c6bc4abf94d72a48a36fe68122350,https://media.sketchfab.com/models/8f0c6bc4abf94d72a48a36fe68122350/thumbnails/0099a5ae454b45fb95eb6e54fef45af1/68c5cef05f744229939b298ce2748691.jpeg
https://sketchfab.com/3d-models/spinosaurus-caudal-vertebra-ee72f131d28b4b5fa6cf501766c0c665,https://media.sketchfab.com/models/ee72f131d28b4b5fa6cf501766c0c665/thumbnails/df790471ab664ee48e6adcdf36054bea/c16bc506e58d4998a4ca831c4c3f81e5.jpeg
https://sketchfab.com/3d-models/tarbosaurus-ee27b3b01aee4c119934eb424ecb9acb,https://media.sketchfab.com/models/ee27b3b01aee4c119934eb424ecb9acb/thumbnails/3e1ca4b9a38e44b9b684286ad43cbc55/7eccc89bcf184611b0e4f319ea78ed3e.jpeg
https://sketchfab.com/3d-models/umnhvp28348-acetabulum-rim-17d76362749c4a2d989168c0db22ff9f,https://media.sketchfab.com/models/17d76362749c4a2d989168c0db22ff9f/thumbnails/cd844be308f74ac0ba0a55fa5776f129/5cdbe437758c4d6891d8ec96bf6d5a73.jpeg
https://sketchfab.com/3d-models/thescelosaurus-toe-bone-9619f5aca2234655ae48515a5c112b3d,https://media.sketchfab.com/models/9619f5aca2234655ae48515a5c112b3d/thumbnails/c9241bd49c7f4a31bf35bc020dac6aea/ee70135b7fe94e499792e266a255115d.jpeg
https://sketchfab.com/3d-models/purussaurus-de-ucayali-mru-17-4289ac28802b4ab18cd70d7e03ca43e9,https://media.sketchfab.com/models/4289ac28802b4ab18cd70d7e03ca43e9/thumbnails/f8a684d984144226a49eb3f7c3dc0883/4b681b579ce24473af679d7d12b1b52c.jpeg
https://sketchfab.com/3d-models/umnhvp28348-right-mcii-da7b8aa9b7854012bdc6cfe75bbe3722,https://media.sketchfab.com/models/da7b8aa9b7854012bdc6cfe75bbe3722/thumbnails/2b6081883cfa4dad895bf49bf69e40dd/d02cbbc36496483a9176b79771d2629f.jpeg
https://sketchfab.com/3d-models/umnhvp28348-middle-caudal-centrum-dd46cc476e7e4e0ca9e8fb92bce013bd,https://media.sketchfab.com/models/dd46cc476e7e4e0ca9e8fb92bce013bd/thumbnails/56bdea4ff22a48d98d0cbc2947a40359/d1abb5dbd4fe4268a66aba2c467fdf75.jpeg
https://sketchfab.com/3d-models/saurolophine-hadrosaur-coracoid-2dffff8ad7b846e5bcee5d1947a88f53,https://media.sketchfab.com/models/2dffff8ad7b846e5bcee5d1947a88f53/thumbnails/303e9563b476469e9a3c96c0ad2308e9/a03fc8f59d5b43f0bf89402f4e818bd2.jpeg
https://sketchfab.com/3d-models/umnhvp28348-left-pedal-digit-4-phalanx-4-2d5a372795aa4fe4a578e2083fc4e1e5,https://media.sketchfab.com/models/2d5a372795aa4fe4a578e2083fc4e1e5/thumbnails/d0d663bb23424ec7bc826ee991ba39a0/22ea30d44eb34bcbaf7eb7d840eee71d.jpeg
https://sketchfab.com/3d-models/umnhvp28348-left-pedal-digit-4-phalanx-2-6cb33f3ef3c84c91a953550b9bd8df06,https://media.sketchfab.com/models/6cb33f3ef3c84c91a953550b9bd8df06/thumbnails/c5fa4179600345048a7fe2abc7064877/280d9bc0e3fa49d6aa22dd5322725ae7.jpeg
https://sketchfab.com/3d-models/uw40-taeniolabis-taoensis-dentary-43e0ff1ea0c74d789027a45af31798a1,https://media.sketchfab.com/models/43e0ff1ea0c74d789027a45af31798a1/thumbnails/2ef272b7131c42f4b19ea8a09b47936b/9fb1ce7e89904dfaab0c1e6a1293bd9e.jpeg
https://sketchfab.com/3d-models/low-poly-spinosaurus-bb4b1f3fad4746aeb01e4564db82e6b3,https://media.sketchfab.com/models/bb4b1f3fad4746aeb01e4564db82e6b3/thumbnails/41c25371e0674d2bbfc46b65b8483d1e/21ca4c20dd3448c9931bbc199e0cf959.jpeg
https://sketchfab.com/3d-models/miscellaneousaurus-yugioh-10b9022b69624d4fb617c129a4811f94,https://media.sketchfab.com/models/10b9022b69624d4fb617c129a4811f94/thumbnails/217959ce7d7c4e25866c49ad10e5f008/fc2f5c87e6ca4ff7bb2f4924ef9b8f0f.jpeg
https://sketchfab.com/3d-models/edmontosaurus-caudal-vertebra-59d6e1366d8b441fa3178e628c079a2b,https://media.sketchfab.com/models/59d6e1366d8b441fa3178e628c079a2b/thumbnails/6a82d8dc05cb4acbae625d825de9ed52/236173401a35420ba13a386308771f0e.jpeg
https://sketchfab.com/3d-models/scp-1265-a-mbielu-mbielu-mbielu-1c02ff412a004cae8c6e547a76221722,https://media.sketchfab.com/models/1c02ff412a004cae8c6e547a76221722/thumbnails/bfcf21696b3342f2ab5d17a55c2f5e1d/e01c647da38045fcab6b8a6e82467878.jpeg
https://sketchfab.com/3d-models/tawa-skull-819fc10089484a2bbc46d752f984d2c0,https://media.sketchfab.com/models/819fc10089484a2bbc46d752f984d2c0/thumbnails/68d6b81350b7479bb3230043e4477d96/8b32f9734f2c4f82b77a06c8c3f3cd7d.jpeg
https://sketchfab.com/3d-models/scp-1265-a-nguma-monene-variant-73d262a5ec8a49b3b62ee93753d04057,https://media.sketchfab.com/models/73d262a5ec8a49b3b62ee93753d04057/thumbnails/e6c1ad29f7c144cda82875ecd3a84413/004f761dd55e476d8e634687e0dbded2.jpeg
https://sketchfab.com/3d-models/dacentrurus-f94b816323524d4d95b36235a89faf6c,https://media.sketchfab.com/models/f94b816323524d4d95b36235a89faf6c/thumbnails/c0e800eecab148bc92c864e0c7640728/fd3d2b82755243f48eeffac77567a379.jpeg
https://sketchfab.com/3d-models/hadrosaur-femur-66ea71d42259413cb6dd87fb5ba77398,https://media.sketchfab.com/models/66ea71d42259413cb6dd87fb5ba77398/thumbnails/118c902ec6b74e49817af2f861703eb6/6b88f46c1e4b4d78a6f50e4582caa992.jpeg
https://sketchfab.com/3d-models/iguanodon-vertebra-jpg-photogrammetry-8a78d5c458c24e519a4bbe02d4e6a388,https://media.sketchfab.com/models/8a78d5c458c24e519a4bbe02d4e6a388/thumbnails/daacc8a0a944433a8e9e09b7234e048b/aa941030c3374b46b83dd14a05d16d6c.jpeg
https://sketchfab.com/3d-models/hadrosaur-toe-bone-e3a245b8d7f240baa17deb8b448dbcac,https://media.sketchfab.com/models/e3a245b8d7f240baa17deb8b448dbcac/thumbnails/0cee075fe05d495ba893b350f7a43b80/d74924eefcd14727ac661f364d6a2293.jpeg
https://sketchfab.com/3d-models/after-sampling-2005-test-5-5de20f9efee340e6875abff36ddf3597,https://media.sketchfab.com/models/5de20f9efee340e6875abff36ddf3597/thumbnails/78d21437ed1e4ef8a16d2889b10a89ca/5096b0bdafe94ea0a2fb0d8dcdc5ea0e.jpeg
https://sketchfab.com/3d-models/tyrannosaurus-02-low-poly-pbr-realistic-c8b187132c7b4dd4b838cad394bea0c0,https://media.sketchfab.com/models/c8b187132c7b4dd4b838cad394bea0c0/thumbnails/2b01606c6f5f4d939e697df950742ace/fb8b1c5f1bc94045aff08981cf80811a.jpeg
https://sketchfab.com/3d-models/dino-84035629056d428c98a03471a2d84650,https://media.sketchfab.com/models/84035629056d428c98a03471a2d84650/thumbnails/5ec80406ef69445dbce3e636bef0daf6/b610e37cfb1344ae94c8205f6c010680.jpeg
https://sketchfab.com/3d-models/cranio-de-prestosuchus-e02163a6b9db4c4c916be17a3fd38f24,https://media.sketchfab.com/models/e02163a6b9db4c4c916be17a3fd38f24/thumbnails/480a7bb52ae646c3a9f8866c1b1ed973/43d8458e856a4f08b5e5e492dab9555f.jpeg
https://sketchfab.com/3d-models/baby-parasaurolophus-humerus-b2f339a52fb34f52bc796148665b3542,https://media.sketchfab.com/models/b2f339a52fb34f52bc796148665b3542/thumbnails/48e16b2d397f40edb12d4443342e197b/0cd428cfb19f46cca60640f0b0f9a46a.jpeg
https://sketchfab.com/3d-models/triceratops-sculpture-2d4fd53ca1534edf86ac2e257ee2b9b8,https://media.sketchfab.com/models/2d4fd53ca1534edf86ac2e257ee2b9b8/thumbnails/e55a652b72864893977c7209975f3fdf/f05cd14ad5d0489aba4d30773e9d1652.jpeg
https://sketchfab.com/3d-models/dinosaure-epine-et-plaque-de-stegosaure-30c9ea05db27474dab8796bff7899a71,https://media.sketchfab.com/models/30c9ea05db27474dab8796bff7899a71/thumbnails/daa57461951f487496cd71b132a7f467/045999a811514c27b3477c84108870ee.jpeg
https://sketchfab.com/3d-models/dino-egg-sculpture-4fb54e4b93554becbd69bc8a3dc43d7b,https://media.sketchfab.com/models/4fb54e4b93554becbd69bc8a3dc43d7b/thumbnails/ffa30a2c84c847f5ac8fb66ad70a12df/04a0d1336b2241d79e5a5a0d691f5887.jpeg
https://sketchfab.com/3d-models/tooth-crown-of-globidens-33f837a60b3646419386f57048bf2a29,https://media.sketchfab.com/models/33f837a60b3646419386f57048bf2a29/thumbnails/6a3515aab0684f39977469effc26c765/863d1ae542804d379c01ce81da58f386.jpeg
https://sketchfab.com/3d-models/reptile-exoccipital-fragment-381d24bdbf7f4005b7c36b923fec0a4c,https://media.sketchfab.com/models/381d24bdbf7f4005b7c36b923fec0a4c/thumbnails/4b8fdb8edf9f420c9a949b0c68d744c6/3d3f36ce671b4dd19b3ce3fc887db832.jpeg
https://sketchfab.com/3d-models/tyrannosaurus-01-low-poly-pbr-realistic-ec6e76f90c7e48caadbc34333fe2aa10,https://media.sketchfab.com/models/ec6e76f90c7e48caadbc34333fe2aa10/thumbnails/aaa5f88a4c824aaba927ecdd4559f910/8ef2ef915a6b4bb4b99263e2dc378ab2.jpeg
https://sketchfab.com/3d-models/t-rex-symbol-3d-free-9c3f015800934b95b675d41e72a80b1d,https://media.sketchfab.com/models/9c3f015800934b95b675d41e72a80b1d/thumbnails/5301bfc8d8454e6299a24d2e77caf43c/1647b0ecd07445ca9f259bfaec56e04e.jpeg
https://sketchfab.com/3d-models/edmontosaurus-toe-815afcf009944a81ad9800488826ddf7,https://media.sketchfab.com/models/815afcf009944a81ad9800488826ddf7/thumbnails/0cfcdb8361d44f3e9d1d265e80e73719/f270b531759840a98c3d63b69deed100.jpeg
https://sketchfab.com/3d-models/edmontosaurus-ischium-fragments-903c00d080e643db9580ed281d9c02b9,https://media.sketchfab.com/models/903c00d080e643db9580ed281d9c02b9/thumbnails/314e14e5691d4e4d96bbd5a3eee6096c/0026451158814d6abe18f3d8ff443d52.jpeg
https://sketchfab.com/3d-models/sarmientosaurus-skull-a689fae82b924177a3a03f6761ae8b76,https://media.sketchfab.com/models/a689fae82b924177a3a03f6761ae8b76/thumbnails/c031bfd1643048f5a1f3746a1865b43a/707fb48e54ed4d0685934b8f4bb0f017.jpeg
https://sketchfab.com/3d-models/kritosaurus-jaw-fragment-393b8ea0cdd54344a6cb6bf7d4e5595c,https://media.sketchfab.com/models/393b8ea0cdd54344a6cb6bf7d4e5595c/thumbnails/bc7efacfc5a84ddeb70a73779b9b3b56/7d08febdacf342cb9da6c8a1f4fa8016.jpeg
https://sketchfab.com/3d-models/tyrannosaurus-rex-3d-model-4a8bc65c84f64754b3c9f69ba5ab3abf,https://media.sketchfab.com/models/4a8bc65c84f64754b3c9f69ba5ab3abf/thumbnails/d48ced54684c4413a8cf9e3fb04cc2c8/665279580cf1488691751de5d03c5a88.jpeg
https://sketchfab.com/3d-models/empoli-museo-paleontologico-7b60a8b030a648f7be4f9074d2783cfb,https://media.sketchfab.com/models/7b60a8b030a648f7be4f9074d2783cfb/thumbnails/c8531ad1fd024053bb19476db6a5ad5b/63e03065e3364a9f8778e870b0a84129.jpeg
https://sketchfab.com/3d-models/stan-the-tyrannosaurus-lower-jaw-model-for-print-0c1964c6028d4bf18aad8391cc551f21,https://media.sketchfab.com/models/0c1964c6028d4bf18aad8391cc551f21/thumbnails/a4b8588c4d474562af3f89a38de00651/90b6411352b24804bc4c5e6ffc2269c3.jpeg
